1-800-GOT-JUNK? Honolulu,821B Cedar St,Honolulu,Oahu,96814,1 808-204-1456,,4.9,4695,"[""Open 24 hours""]","[""Open 24 hours""]","[""Open 24 hours""]","[""Open 24 hours""]","[""Open 24 hours""]","[""Open 24 hours""]","[""Open 24 hours""]",21.2974009,-157.8424565
Hawaii Junk Removal,1612 Homerule St,Honolulu,Oahu,96819,1 808-773-0477,,5,1635,"[""8AM-5PM""]","[""8AM-5PM""]","[""8AM-5PM""]","[""8AM-5PM""]","[""8AM-5PM""]","[""8AM-5PM""]","[""Closed""]",21.3227863,-157.8819071
Aloha Junk Man,905 Kalanianaʻole Hwy Unit 104A,Kailua,Oahu,96734,1 808-940-0809,,5,1573,"[""8AM-5PM""]","[""8AM-5PM""]","[""8AM-5PM""]","[""8AM-5PM""]","[""8AM-5PM""]","[""8AM-5PM""]","[""Closed""]",21.3981482,-157.7692678
Kana'i's Junk Removal,99-1295 Waiua Pl,Aiea,Oahu,96701,1 808-517-5772,,5,994,"[""Open 24 hours""]","[""Open 24 hours""]","[""Open 24 hours""]","[""Open 24 hours""]","[""Open 24 hours""]","[""Open 24 hours""]","[""Open 24 hours""]",21.3712753,-157.9043678
Oahu Junk Boys,2394 Tantalus Dr,Honolulu,Oahu,96813,1 808-462-1482,,5,5,"[""Open 24 hours""]","[""Open 24 hours""]","[""Open 24 hours""]","[""Open 24 hours""]","[""Open 24 hours""]","[""Open 24 hours""]","[""Open 24 hours""]",21.3187038,-157.8346138
Oahu Junk Removal,98-1264 Akaaka St,Aiea,Oahu,96701,1 808-779-2972,,5,13,"[""7AM-9PM""]","[""7AM-9PM""]","[""7AM-9PM""]","[""7AM-9PM""]","[""7AM-9PM""]","[""7AM-9PM""]","[""Closed""]",21.3914924,-157.9189682
Island Junk Removal LLC,94-428 Kiau Pl,Waipahu,Oahu,96797,1 808-393-6328,,5,281,"[""Open 24 hours""]","[""Open 24 hours""]","[""Open 24 hours""]","[""Open 24 hours""]","[""Open 24 hours""]","[""Open 24 hours""]","[""Open 24 hours""]",21.3824477,-158.0296835
HTM Contractors Inc,160 Ahui St ste b,Honolulu,Oahu,96813,1 808-456-3311,,4.9,230,"[""7AM-4PM""]","[""7AM-4PM""]","[""7AM-4PM""]","[""7AM-4PM""]","[""7AM-4PM""]","[""Closed""]","[""Closed""]",21.2935851,-157.8608821
Honolulu Disposal Service Inc,1169 Mikole St,Honolulu,Oahu,96819,1 808-845-7581,,2.7,40,"[""6:30AM-5PM""]","[""6:30AM-5PM""]","[""6:30AM-5PM""]","[""6:30AM-5PM""]","[""6:30AM-5PM""]","[""7AM-3:30PM""]","[""Closed""]",21.3044233,-157.8759652
Elite Junk Removal LLC,,,Hawaii,,1 808-800-1093,,5,28,"[""Open 24 hours""]","[""Open 24 hours""]","[""Open 24 hours""]","[""Open 24 hours""]","[""Open 24 hours""]","[""Open 24 hours""]","[""Open 24 hours""]",21.4808544,-157.9644989
Nikko's Junk Removal,Kolowaka Dr,Ewa Beach,Oahu,96706,1 443-764-7900,,4.9,37,"[""6AM-6PM""]","[""6AM-6PM""]","[""6AM-6PM""]","[""6AM-6PM""]","[""6AM-6PM""]","[""6AM-6PM""]","[""9AM-5PM""]",21.3391745,-158.0302718
"Hawaii's Junk-A-Haulics, LLC",,,Hawaii,,1 808-745-8225,,5,16,"[""Open 24 hours""]","[""Open 24 hours""]","[""Open 24 hours""]","[""Open 24 hours""]","[""Open 24 hours""]","[""Open 24 hours""]","[""Open 24 hours""]",21.3255125,-157.8010565
KK Hauling LLC,,,Hawaii,,1 808-551-9937,,5,10,"[""Open 24 hours""]","[""Open 24 hours""]","[""Open 24 hours""]","[""Open 24 hours""]","[""Open 24 hours""]","[""Open 24 hours""]","[""Open 24 hours""]",21.4837543,-157.9652284
Honolulu Movers,,,Hawaii,,1 808-206-9817,,4.9,855,"[""7:30AM-6PM""]","[""7:30AM-6PM""]","[""7:30AM-6PM""]","[""7:30AM-6PM""]","[""7:30AM-6PM""]","[""7:30AM-3PM""]","[""7AM-2PM""]",21.4465796,-157.9442415
Keehi Transfer Station,606 Middle St,Honolulu,Oahu,96819,1 808-768-4884,,4.7,64,"[""10AM-6PM""]","[""10AM-6PM""]","[""10AM-6PM""]","[""10AM-6PM""]","[""10AM-6PM""]","[""7AM-6PM""]","[""Closed""]",21.3361474,-157.8925666
Oahu Dump Run,91-174 Olai St,Kapolei,Oahu,96707,1 808-556-5990,,2.5,8,"[""8AM-5PM""]","[""8AM-5PM""]","[""8AM-5PM""]","[""8AM-5PM""]","[""8AM-5PM""]","[""8AM-5PM""]","[""Closed""]",21.2987308,-158.1039958
OverIt Junk Removal,1415 Kinau St Unit A1,Honolulu,Oahu,96814,1 808-427-9939,,5,9,"[""7AM-7PM""]","[""7AM-7PM""]","[""7AM-7PM""]","[""7AM-7PM""]","[""7AM-7PM""]","[""7AM-7PM""]","[""Closed""]",21.3007634,-157.8386985
West Oahu Aggregate,855 Umi St,Honolulu,Oahu,96819,1 808-847-7780,,1.8,51,"[""7AM-4PM""]","[""7AM-4PM""]","[""7AM-4PM""]","[""7AM-4PM""]","[""7AM-4PM""]","[""7AM-4PM""]","[""Closed""]",21.333795,-157.881077
Ma Rolloff,,,Hawaii,,1 808-688-6943,,4.9,219,"[""8AM-5PM""]","[""8AM-5PM""]","[""8AM-5PM""]","[""8AM-5PM""]","[""8AM-5PM""]","[""9AM-5PM""]","[""8AM-5PM""]",21.380835,-157.930952
Pacific Junk Removal,,,Hawaii,,1 808-833-7171,,4.3,6,"[""8AM-4PM""]","[""8AM-4PM""]","[""8AM-4PM""]","[""8AM-4PM""]","[""8AM-4PM""]","[""8AM-4PM""]","[""Closed""]",21.4525085,-157.874082
ABC JUNKYARD,794H Lehua Ave,Pearl City,Oahu,96782,1 808-456-8114,,4.1,264,"[""8AM-6PM""]","[""8AM-6PM""]","[""8AM-6PM""]","[""8AM-6PM""]","[""8AM-6PM""]","[""8AM-6PM""]","[""8AM-6PM""]",21.3893375,-157.97283
M. DYER GLOBAL,98-054 Kuleana Rd,Pearl City,Oahu,96782,1 808-456-4200,,4.4,85,"[""7:30AM-4:30PM""]","[""7:30AM-4:30PM""]","[""7:30AM-4:30PM""]","[""7:30AM-4:30PM""]","[""7:30AM-4:30PM""]","[""Closed""]","[""Closed""]",21.3908796,-157.9604836
Junk Removal Oahu - Any Kine Junk LLC,,,Hawaii,,1 808-840-7026,,5,56,"[""8AM-5PM""]","[""8AM-5PM""]","[""8AM-5PM""]","[""8AM-5PM""]","[""8AM-5PM""]","[""9AM-5PM""]","[""9AM-5PM""]",21.4808544,-157.9644989
Unko's Junk Removal,,,Hawaii,,1 808-728-0736,,5,4,"[""Open 24 hours""]","[""Open 24 hours""]","[""Open 24 hours""]","[""Open 24 hours""]","[""Open 24 hours""]","[""Open 24 hours""]","[""Open 24 hours""]",21.4837543,-157.9652284
HAWAIIAN STEAM INC.,96-1272 Waihona St Unit 8,Pearl City,Oahu,96782,1 808-455-4387,,4,2,"[""9AM-4PM""]","[""9AM-4PM""]","[""9AM-4PM""]","[""9AM-4PM""]","[""9AM-4PM""]","[""Closed""]","[""Closed""]",21.4102547,-157.9763138
Amazon Construction,96-1255 Waihona St,Pearl City,Oahu,96782,1 808-841-6595,,4.2,6,"[""7AM-4PM""]","[""7AM-4PM""]","[""7AM-4PM""]","[""7AM-4PM""]","[""7AM-4PM""]","[""Closed""]","[""Closed""]",21.408892,-157.9755209
Integrity Towing,99-063 Moanalua Rd A,Aiea,Oahu,96701,1 808-258-7515,,4.5,56,"[""Open 24 hours""]","[""Open 24 hours""]","[""Open 24 hours""]","[""Open 24 hours""]","[""Open 24 hours""]","[""Open 24 hours""]","[""Open 24 hours""]",21.3808648,-157.9323591
Pearl City Movers,,,Hawaii,,1 808-377-6625,,4.6,19,"[""8AM-7PM""]","[""8AM-7PM""]","[""8AM-7PM""]","[""8AM-7PM""]","[""8AM-7PM""]","[""8AM-1PM""]","[""8AM-1PM""]",21.4111436,-157.9677216
Aloha Waste Systems Of Honolulu Inc.,91-265 Hanua St,Kapolei,Oahu,96707,1 808-237-8000,,4.2,10,"[""7AM-5PM""]","[""7AM-5PM""]","[""7AM-5PM""]","[""7AM-5PM""]","[""7AM-5PM""]","[""7AM-2PM""]","[""Closed""]",21.3096682,-158.1029631
RRR Recycling Services Hawaii,91-165 Kalaeloa Blvd,Kapolei,Oahu,96707,1 808-682-5600,,4.2,14,"[""9:15AM-3PM""]","[""9:15AM-3PM""]","[""9:15AM-3PM""]","[""9:15AM-3PM""]","[""9:15AM-3PM""]","[""8AM-3:30PM""]","[""Closed""]",21.3063421,-158.0974755
Island Bin Cleaners,2045 Lauwiliwili St #801,Kapolei,Oahu,96707,1 808-345-2019,,4.9,55,"[""8AM-5PM""]","[""8AM-5PM""]","[""8AM-5PM""]","[""8AM-5PM""]","[""8AM-5PM""]","[""9AM-5PM""]","[""Closed""]",21.3218066,-158.0906029
TIP TOWS TOWING,590 Farrington Hwy #210-200,Kapolei,Oahu,96707,1 808-222-3432,,4.9,215,"[""5AM-12AM""]","[""5AM-12AM""]","[""5AM-12AM""]","[""5AM-12AM""]","[""5AM-12AM""]","[""5AM-12AM""]","[""5AM-12AM""]",21.3375977,-158.0806204
HI End Services Junk Removal,,,Hawaii,,1 808-954-0903,,5,88,"[""6AM-6PM""]","[""6AM-6PM""]","[""6AM-6PM""]","[""6AM-6PM""]","[""6AM-6PM""]","[""6AM-6PM""]","[""Closed""]",21.4808544,-157.9644989
Kapolei Convenience Center,91-184 Kaomi Loop,Kapolei,Oahu,96707,1 808-260-2801,,4.5,18,"[""7AM-6PM""]","[""7AM-6PM""]","[""7AM-6PM""]","[""7AM-6PM""]","[""7AM-6PM""]","[""7AM-6PM""]","[""7AM-6PM""]",21.303871,-158.1106196
Cash For Cars - Honolulu,91-542 Awakumoku St Suite B,Kapolei,Oahu,96707,1 808-818-2087,,4.5,60,"[""7AM-7PM""]","[""7AM-7PM""]","[""7AM-7PM""]","[""7AM-7PM""]","[""7AM-7PM""]","[""Closed""]","[""Closed""]",21.3189831,-158.1169339
JUNK AUTHORITY HAWAII : Junk Removal & Hauling,,,Hawaii,,1 808-345-1603,,5,278,"[""7AM-7PM""]","[""7AM-7PM""]","[""7AM-7PM""]","[""7AM-7PM""]","[""7AM-7PM""]","[""7AM-7PM""]","[""Closed""]",19.7635779,-155.8245265
Kapaa Transfer Stations,100 Kapaa Quarry Rd,Kailua,Oahu,96734,1 808-768-4248,,4.6,99,"[""10AM-6PM""]","[""10AM-6PM""]","[""10AM-6PM""]","[""10AM-6PM""]","[""10AM-6PM""]","[""7AM-6PM""]","[""7AM-6PM""]",21.3959595,-157.765493
Koolau Refuse,46-145 Malina Pl,Kaneohe,Oahu,96744,1 808-234-2349,,,,"[""7AM-4:30PM""]","[""7AM-4:30PM""]","[""7AM-4:30PM""]","[""7AM-4:30PM""]","[""7AM-4:30PM""]","[""7AM-1PM""]","[""Closed""]",21.4177655,-157.8040401
SERVPRO of Kailua,45-564 Kamehameha Hwy D,Kaneohe,Oahu,96744,1 808-900-8280,,4.8,329,"[""Open 24 hours""]","[""Open 24 hours""]","[""Open 24 hours""]","[""Open 24 hours""]","[""Open 24 hours""]","[""Open 24 hours""]","[""Open 24 hours""]",21.3984852,-157.8000566
Hawaii Island Waste - Junk Removal & Dumpster Rental,,,Hawaii,,1 808-300-9766,,5,115,"[""6AM-8PM""]","[""6AM-8PM""]","[""6AM-8PM""]","[""6AM-8PM""]","[""6AM-8PM""]","[""6AM-8PM""]","[""6AM-8PM""]",19.5627299,-155.3627735
Island Wide Junk Removal Specialist,,,Hawaii,,1 808-461-7004,,5,185,"[""Open 24 hours""]","[""Open 24 hours""]","[""Open 24 hours""]","[""Open 24 hours""]","[""Open 24 hours""]","[""Open 24 hours""]","[""Open 24 hours""]",19.685067,-155.086042
Junk Car Buyers Kailua,,,Hawaii,,1 808-824-4986,,,,"[""Open 24 hours""]","[""Open 24 hours""]","[""Open 24 hours""]","[""Open 24 hours""]","[""Open 24 hours""]","[""Open 24 hours""]","[""Open 24 hours""]",23.6913614,-166.5937802
Ewa Refuse Convenience Center,91-1000 Geiger Rd,Ewa Beach,Oahu,96706,1 808-226-2996,,3.9,75,"[""7AM-6PM""]","[""7AM-6PM""]","[""7AM-6PM""]","[""7AM-6PM""]","[""7AM-6PM""]","[""7AM-6PM""]","[""7AM-6PM""]",21.3282604,-158.0389463
Waipahu Convenience Center,94-071 Waipahu Depot St,Waipahu,Oahu,96797,1 808-676-8878,,3.9,89,"[""7AM-6PM""]","[""7AM-6PM""]","[""7AM-6PM""]","[""7AM-6PM""]","[""7AM-6PM""]","[""7AM-6PM""]","[""7AM-6PM""]",21.3801072,-158.004205
Oahu Used Auto Parts and Recycling LLC,94-233 Leonui St Suite 2,Waipahu,Oahu,96797,1 808-853-4315,,4.9,32,"[""8AM-5PM""]","[""8AM-5PM""]","[""8AM-5PM""]","[""8AM-5PM""]","[""8AM-5PM""]","[""8AM-5PM""]","[""Closed""]",21.378265,-158.0193776
Reynolds Recycling Ewa Beach Redemption Center,91-919 Fort Weaver Rd,Ewa Beach,Oahu,96706,1 808-487-2802,,2.6,39,"[""9AM-12PM"",""1:30-5PM""]","[""9AM-12PM"",""1:30-5PM""]","[""9AM-12PM"",""1:30-5PM""]","[""9AM-12PM"",""1:30-5PM""]","[""9AM-12PM"",""1:30-5PM""]","[""9AM-12PM"",""1:30-5PM""]","[""9AM-12PM"",""1:30-5PM""]",21.3163745,-158.0144212
808 Junk Removal & Bin Services,,,Hawaii,,1 808-285-5105,,5,1,"[""8AM-8PM""]","[""8AM-8PM""]","[""8AM-8PM""]","[""8AM-8PM""]","[""8AM-6PM""]","[""8AM-8PM""]","[""8AM-8PM""]",24.8582504,-168.0145282
WeCan Hawaii,,,Hawaii,,1 808-368-1219,,5,5,"[""7AM-8PM""]","[""7AM-8PM""]","[""7AM-8PM""]","[""7AM-8PM""]","[""7AM-8PM""]","[""7AM-8PM""]","[""7AM-8PM""]",21.4837543,-157.9652284
Wahiawa Convenience Center,71-129 Wilikina Dr,Wahiawa,Oahu,96786,1 808-621-3648,,3.7,46,"[""7AM-6PM""]","[""7AM-6PM""]","[""7AM-6PM""]","[""7AM-6PM""]","[""7AM-6PM""]","[""7AM-6PM""]","[""7AM-6PM""]",21.5018868,-158.0528769
JM Hauling & Junk Disposal LLC,,,Hawaii,,1 808-960-7189,,5,161,"[""9AM-5:30PM""]","[""9AM-5:30PM""]","[""9AM-5:30PM""]","[""9AM-5:30PM""]","[""9AM-5:30PM""]","[""9AM-5:30PM""]","[""Closed""]",19.725541,-155.47044
JunkTrucks,,,Hawaii,,1 808-551-9406,,5,9,"[""7AM-4PM""]","[""7AM-4PM""]","[""7AM-4PM""]","[""7AM-4PM""]","[""7AM-4PM""]","[""7AM-4PM""]","[""7AM-4PM""]",21.4837543,-157.9652284
"Waipahu Recycling, LLC",94-037 Waipahu Depot St,Waipahu,Oahu,96797,1 808-677-6969,,4.3,94,"[""8AM-4:30PM""]","[""8AM-4:30PM""]","[""8AM-4:30PM""]","[""8AM-4:30PM""]","[""8AM-4:30PM""]","[""8AM-4:30PM""]","[""8AM-4:30PM""]",21.38115,-158.004946
EZ Pickups Hawaii LLC,1205 Komohana St,Hilo,Hawaii Island,96720,1 808-664-6362,,5,17,"[""8AM-5PM""]","[""8AM-5PM""]","[""8AM-5PM""]","[""8AM-5PM""]","[""8AM-5PM""]","[""Closed""]","[""Closed""]",19.6872609,-155.0897297
Honolulu Cheap Movers,,,Hawaii,,1 808-500-4919,,5,90,"[""7AM-5PM""]","[""7AM-5PM""]","[""7AM-5PM""]","[""7AM-5PM""]","[""7AM-5PM""]","[""7AM-5PM""]","[""7AM-5PM""]",21.3255125,-157.8010565
Ewa Moving Co. | Oahu,1415 Kinau St Unit A1,Honolulu,Oahu,96814,1 808-300-0223,,4.9,96,"[""7AM-7PM""]","[""7AM-7PM""]","[""7AM-7PM""]","[""7AM-7PM""]","[""7AM-7PM""]","[""7AM-7PM""]","[""7AM-7PM""]",21.3007634,-157.8386985
Royal Hawaiian Movers,3017 Ualena St,Honolulu,Oahu,96819,1 808-427-2695,,4.4,362,"[""7:30AM-5PM""]","[""7:30AM-5PM""]","[""7:30AM-5PM""]","[""7:30AM-5PM""]","[""7:30AM-5PM""]","[""Closed""]","[""Closed""]",21.3331947,-157.9086291
Davis Equipment Hauling LLC,,,Hawaii,,1 808-304-1661,,5,9,"[""7AM-3:30PM""]","[""7AM-3:30PM""]","[""7AM-3:30PM""]","[""7AM-3:30PM""]","[""7AM-3:30PM""]","[""Closed""]","[""Closed""]",21.4808544,-157.9644989
Aloha Trucking Inc.,91-1041 Midway Rd,Kapolei,Oahu,96707,1 808-216-3286,,4.6,18,"[""6AM-5PM""]","[""6AM-5PM""]","[""6AM-5PM""]","[""6AM-5PM""]","[""6AM-5PM""]","[""7AM-3PM""]","[""Closed""]",21.3148562,-158.0814034
American Hauling Inc,,Kapolei,Oahu,96707,1 808-682-0697,,5,1,,,,,,,,21.3353909,-158.0568965
JSX Hauling LLC,,,Hawaii,,1 808-583-4182,,5,14,"[""7AM-4PM""]","[""7AM-4PM""]","[""7AM-4PM""]","[""7AM-4PM""]","[""7AM-4PM""]","[""Closed""]","[""Closed""]",20.3116697,-156.5441768
Samson Trucking Inc.,1730 KITTY HAWK NAS BARBERS POINT,Kapolei,Oahu,96707,1 808-867-6155,,4.6,31,"[""8AM-4PM""]","[""8AM-4PM""]","[""8AM-4PM""]","[""8AM-4PM""]","[""8AM-4PM""]","[""Closed""]","[""Closed""]",21.3025936,-158.07945
"Akana Trucking, Inc.",91-236 Oihana St,Kapolei,Oahu,96707,1 808-845-9825,,3.5,8,"[""7AM-5PM""]","[""7AM-5PM""]","[""7AM-5PM""]","[""7AM-5PM""]","[""7AM-5PM""]","[""Closed""]","[""Closed""]",21.3096079,-158.0970857
Coleman Hawaii Movers,1044 Opule St,Kapolei,Oahu,96707,1 877-503-5733,,4.5,208,"[""8AM-5PM""]","[""8AM-5PM""]","[""8AM-5PM""]","[""8AM-5PM""]","[""8AM-5PM""]","[""8AM-12PM""]","[""Closed""]",21.323379,-158.092958
Elite Trucking & Services LLC,91-220 Hanua St,Kapolei,Oahu,96707,1 808-620-4999,,3,2,"[""6AM-5PM""]","[""6AM-5PM""]","[""6AM-5PM""]","[""6AM-5PM""]","[""6AM-5PM""]","[""Closed""]","[""Closed""]",21.3076517,-158.1036941
Kalaka Nui Inc.,91-558 Awakumoku St,Kapolei,Oahu,96707,1 808-682-2847,,4.2,11,"[""7AM-4PM""]","[""7AM-4PM""]","[""7AM-4PM""]","[""7AM-4PM""]","[""7AM-4PM""]","[""7AM-4PM""]","[""Closed""]",21.3192657,-158.117798
JNR Global Logistics LLC,91-240 Kuhela St #11,Kapolei,Oahu,96707,1 808-353-8441,,4.9,85,"[""8AM-6PM""]","[""8AM-6PM""]","[""8AM-6PM""]","[""8AM-6PM""]","[""8AM-6PM""]","[""12-5PM""]","[""Closed""]",21.3028148,-158.0996545
Oahu Moving & Storage,,,Hawaii,,1 808-808-1540,,5,47,"[""7AM-5:30PM""]","[""7AM-5:30PM""]","[""7AM-5:30PM""]","[""7AM-5:30PM""]","[""7AM-5:30PM""]","[""7AM-5:30PM""]","[""7AM-2PM""]",11.6527695,152.945881
EC Trucking LLC,91-1224 Midway St,Kapolei,Oahu,96707,1 808-668-7888,,2.6,25,"[""6AM-6PM""]","[""6AM-6PM""]","[""6AM-6PM""]","[""6AM-6PM""]","[""6AM-6PM""]","[""Closed""]","[""Closed""]",21.3138716,-158.0734956
Cheap Mover's Kapolei,674 Kamokila Blvd,Kapolei,Oahu,96707,1 808-435-6794,,5,7,"[""Open 24 hours""]","[""Open 24 hours""]","[""Open 24 hours""]","[""Open 24 hours""]","[""Open 24 hours""]","[""Open 24 hours""]","[""Open 24 hours""]",21.328689,-158.0867244
TheMovers,,,Hawaii,,1 808-628-0905,,5,12,"[""9AM-9PM""]","[""9AM-9PM""]","[""9AM-9PM""]","[""9AM-9PM""]","[""9AM-9PM""]","[""9AM-9PM""]","[""9AM-9PM""]",21.4837543,-157.9652284
Sharky's Dumpsters - Junk Removal and Hauling,,,Hawaii,,1 808-865-1827,,5,41,"[""Open 24 hours""]","[""Open 24 hours""]","[""Open 24 hours""]","[""Open 24 hours""]","[""Open 24 hours""]","[""Open 24 hours""]","[""Open 24 hours""]",19.6512289,-155.5155475
Pack Mule Delivery,905 Kalanianaʻole Hwy,Kailua,Oahu,96734,1 808-351-3778,,5,3,"[""8AM-5PM""]","[""8AM-5PM""]","[""8AM-5PM""]","[""8AM-5PM""]","[""8AM-5PM""]","[""8AM-5PM""]","[""Closed""]",21.3987426,-157.770051
Kona Junk Removal and Hauling,,,Hawaii,,1 808-494-9167,,5,74,"[""7AM-9PM""]","[""7AM-9PM""]","[""7AM-9PM""]","[""7AM-9PM""]","[""7AM-9PM""]","[""7AM-9PM""]","[""7AM-9PM""]",19.6386836,-155.483291
1-800-GOT-JUNK? Chicago Downtown,,,Hawaii,,1 872-257-1846,,4.9,7504,"[""7AM-12AM""]","[""7AM-12AM""]","[""7AM-12AM""]","[""7AM-12AM""]","[""7AM-12AM""]","[""7AM-12AM""]","[""7AM-12AM""]",41.8337105,-87.7879205
Island Hauling,46-145 Malina Pl,Kaneohe,Oahu,96744,1 808-235-0215,,,,"[""7:30AM-3:30PM""]","[""7:30AM-3:30PM""]","[""7:30AM-3:30PM""]","[""7:30AM-3:30PM""]","[""7:30AM-3:30PM""]","[""Closed""]","[""Closed""]",21.4177693,-157.8040185
Wurlitzer Moving Corporation,111-A Hekili St,Kailua,Oahu,96734,1 808-271-4515,,4.2,6,"[""8AM-8PM""]","[""8AM-8PM""]","[""8AM-8PM""]","[""8AM-8PM""]","[""8AM-8PM""]","[""8AM-6PM""]","[""8AM-6PM""]",21.392064,-157.743517
Hawaii Natural Clean,1003 Bishop St #2700,Honolulu,Oahu,96813,1 808-468-5356,,4.8,103,"[""Open 24 hours""]","[""Open 24 hours""]","[""Open 24 hours""]","[""Open 24 hours""]","[""Open 24 hours""]","[""Open 24 hours""]","[""Open 24 hours""]",21.3105847,-157.8590595
Eco Clean Hawaii,620 Dillingham Blvd,Honolulu,Oahu,96817,1 808-783-9225,,4.9,167,"[""Open 24 hours""]","[""Open 24 hours""]","[""Open 24 hours""]","[""Open 24 hours""]","[""Open 24 hours""]","[""Open 24 hours""]","[""Open 24 hours""]",21.3187421,-157.8670601
Oahu Professionals,,,Hawaii,,1 808-777-8829,,4.7,111,"[""9AM-5PM""]","[""9AM-5PM""]","[""9AM-5PM""]","[""9AM-5PM""]","[""9AM-5PM""]","[""9AM-1PM""]","[""Closed""]",21.4808035,-157.964426
Honolulu Commercial Cleaning,2026 Democrat St 2nd floor,Honolulu,Oahu,96819,1 808-468-8048,,5,41,"[""Open 24 hours""]","[""Open 24 hours""]","[""Open 24 hours""]","[""Open 24 hours""]","[""Open 24 hours""]","[""Open 24 hours""]","[""Open 24 hours""]",21.3256232,-157.8863308
Maid In Oahu,1314 S King St #723,Honolulu,Oahu,96814,1 808-664-0036,,4.9,372,"[""9AM-6PM""]","[""9AM-6PM""]","[""9AM-6PM""]","[""9AM-6PM""]","[""9AM-6PM""]","[""9AM-6PM""]","[""9AM-6PM""]",21.2993061,-157.8412604
"KleenPro,LLC",,,Hawaii,,1 808-679-6873,,4.7,71,"[""8AM-7PM""]","[""8AM-7PM""]","[""8AM-7PM""]","[""8AM-7PM""]","[""8AM-7PM""]","[""8AM-7PM""]","[""8AM-7PM""]",24.8582504,-168.0145282
Host & Home Cleaners Honolulu,200 N Vineyard Blvd Ste A325 - 351,Honolulu,Oahu,96817,1 808-204-4775,,4.8,209,"[""8AM-8PM""]","[""8AM-8PM""]","[""8AM-8PM""]","[""8AM-8PM""]","[""8AM-8PM""]","[""8AM-8PM""]","[""8AM-8PM""]",21.3173278,-157.8594702
Clean Hale Hawaii,,,Hawaii,,1 808-207-7089,,4.9,72,"[""Closed""]","[""9AM-5PM""]","[""9AM-5PM""]","[""Closed""]","[""9AM-5PM""]","[""9AM-5PM""]","[""9AM-5PM""]",21.3255125,-157.8010565
Precision Cleaning Hawaii Inc.,"2126 A, Eluwene St",Honolulu,Oahu,96819,1 808-377-7776,,4.9,38,"[""Open 24 hours""]","[""Open 24 hours""]","[""Open 24 hours""]","[""Open 24 hours""]","[""Open 24 hours""]","[""Open 24 hours""]","[""Open 24 hours""]",21.3308837,-157.8827105
Cleaning Service Honolulu,1066 Green St,Honolulu,Oahu,96822,1 925-895-2027,,5,21,"[""Open 24 hours""]","[""Open 24 hours""]","[""Open 24 hours""]","[""Open 24 hours""]","[""Open 24 hours""]","[""Open 24 hours""]","[""Open 24 hours""]",21.305851,-157.844769
"Top Level Cleaners & Handyman - Cleaning Offices, Carpets, Yachts",591 Pepeʻekeo Pl,Honolulu,Oahu,96825,1 808-707-8887,,5,21,"[""9AM-7PM""]","[""9AM-7PM""]","[""9AM-7PM""]","[""9AM-7PM""]","[""9AM-7PM""]","[""9AM-7PM""]","[""Closed""]",21.29683,-157.7112386
Zoom Cleanings,1050 Queen St,Honolulu,Oahu,96814,1 808-466-7072,,4.5,43,"[""9AM-5PM""]","[""9AM-5PM""]","[""9AM-5PM""]","[""9AM-5PM""]","[""9AM-5PM""]","[""Closed""]","[""Closed""]",21.2948567,-157.8518019
Maid Brigade of Honolulu,,,Hawaii,,1 808-524-7788,,4.6,155,"[""8AM-4PM""]","[""8AM-4PM""]","[""8AM-4PM""]","[""8AM-4PM""]","[""8AM-4PM""]","[""Closed""]","[""Closed""]",21.3255125,-157.8010565
The Maids in Honolulu,931 University Ave Ste 301,Honolulu,Oahu,96826,1 808-942-8080,,4.5,41,"[""8AM-4PM""]","[""8AM-4PM""]","[""8AM-4PM""]","[""8AM-4PM""]","[""8AM-4PM""]","[""Closed""]","[""Closed""]",21.2910914,-157.8219831
Honolulu Collection Yard,626 Middle St,Honolulu,Oahu,96819,,,4.8,4,,,,,,,,21.3348492,-157.8904446
HIWASTE MFG.,160-g Ahui St,Honolulu,Oahu,96813,1 808-909-9024,,4.9,12,"[""7AM-4PM""]","[""7AM-4PM""]","[""7AM-4PM""]","[""7AM-4PM""]","[""7AM-4PM""]","[""Closed""]","[""Closed""]",21.293448,-157.8605849
13 Hauls,,,Hawaii,,1 808-774-7581,,5,2,"[""9AM-5PM""]","[""9AM-5PM""]","[""9AM-5PM""]","[""9AM-5PM""]","[""9AM-5PM""]","[""9AM-5PM""]","[""9AM-5PM""]",21.3447825,-158.0747886
You Move Me Honolulu,821 Cedar St Ste B,Honolulu,Oahu,96814,1 808-379-3850,,4.9,1135,"[""7AM-9PM""]","[""7AM-9PM""]","[""7AM-9PM""]","[""7AM-9PM""]","[""7AM-9PM""]","[""7AM-9PM""]","[""8:30AM-4:30PM""]",21.2974009,-157.8424565
Endless Summer Movers,,,Hawaii,,1 808-321-4954,,5,71,"[""9AM-5PM""]","[""9AM-5PM""]","[""9AM-5PM""]","[""9AM-5PM""]","[""9AM-5PM""]","[""9AM-5PM""]","[""9AM-5PM""]",21.4525085,-157.8848375
Honolulu Appliance Repair Pro,500 Ala Moana Blvd Suite7400,Honolulu,Oahu,96813,1 808-518-2966,,4,222,"[""Open 24 hours""]","[""Open 24 hours""]","[""Open 24 hours""]","[""Open 24 hours""]","[""Open 24 hours""]","[""Open 24 hours""]","[""Open 24 hours""]",21.3021967,-157.862143
PRS Parts & Appliances,540 Lagoon Dr,Honolulu,Oahu,96819,1 808-736-4080,,5,62,"[""8AM-6PM""]","[""8AM-6PM""]","[""8AM-6PM""]","[""8AM-6PM""]","[""8AM-6PM""]","[""9AM-2PM""]","[""Closed""]",21.3339478,-157.9019532
VIP Towing,1006 Mikole St,Honolulu,Oahu,96819,1 808-495-4845,,1.5,281,"[""Open 24 hours""]","[""Open 24 hours""]","[""Open 24 hours""]","[""Open 24 hours""]","[""Open 24 hours""]","[""Open 24 hours""]","[""Open 24 hours""]",21.3026611,-157.8713465
Bates Estate Sales - Honolulu,1130 N Nimitz Hwy Ste B-293,Honolulu,Oahu,96817,1 808-216-4999,,5,4,"[""Open 24 hours""]","[""Open 24 hours""]","[""Open 24 hours""]","[""Open 24 hours""]","[""Open 24 hours""]","[""Open 24 hours""]","[""Open 24 hours""]",21.3185893,-157.8755875
Then and Now,46-148 Kahuhipa St #104,Kaneohe,Oahu,96744,1 808-721-8450,,4.6,19,,,,,,,,21.4167595,-157.8042125
Caring Transitions of Honolulu,,,Hawaii,,1 808-369-9195,,4.4,7,"[""Open 24 hours""]","[""Open 24 hours""]","[""Open 24 hours""]","[""Open 24 hours""]","[""Open 24 hours""]","[""Open 24 hours""]","[""Open 24 hours""]",21.4237504,-157.9343475
Wash’n Goat,,,Hawaii,,1 808-466-0675,,5,37,"[""Open 24 hours""]","[""Open 24 hours""]","[""Open 24 hours""]","[""Open 24 hours""]","[""Open 24 hours""]","[""Open 24 hours""]","[""Open 24 hours""]",21.340232,-157.8010565
For Sure Cleaning,7040 Hawaii Kai Dr #25778,Honolulu,Oahu,96825,1 808-397-6794,,5,35,"[""8AM-5PM""]","[""8AM-5PM""]","[""8AM-5PM""]","[""8AM-5PM""]","[""8AM-5PM""]","[""8AM-5PM""]","[""8AM-5PM""]",21.2891146,-157.7020813
Adriana's Good Mana,,,Hawaii,,,,4.8,39,"[""8AM-5PM""]","[""8AM-5PM""]","[""8AM-5PM""]","[""8AM-5PM""]","[""8AM-5PM""]","[""9AM-4PM""]","[""Closed""]",21.4837543,-157.9652284
Tajiri Demolition & Disposal LLC,1005 Puuwai St,Honolulu,Oahu,96819,1 808-841-0217,,4,11,"[""7AM-4PM""]","[""7AM-4PM""]","[""7AM-4PM""]","[""7AM-4PM""]","[""7AM-4PM""]","[""7AM-4PM""]","[""Closed""]",21.3023578,-157.870904
Island Demo Inc,2769 Kilihau St,Honolulu,Oahu,96819,1 808-839-5522,,5,6,"[""7AM-4PM""]","[""7AM-4PM""]","[""7AM-4PM""]","[""7AM-4PM""]","[""7AM-4PM""]","[""Closed""]","[""Closed""]",21.3353267,-157.8979687
Honolulu Collection Yard,626 Middle St,Honolulu,Oahu,96819,,,4.8,4,,,,,,,,21.3348492,-157.8904446
Ohana Environmental Construction,2968 Ualena St,Honolulu,Oahu,96819,1 808-836-6955,,5,2,"[""8AM-5PM""]","[""8AM-5PM""]","[""8AM-5PM""]","[""8AM-5PM""]","[""8AM-5PM""]","[""Closed""]","[""Closed""]",21.333721,-157.9068411
Haul Maui - Junk Removal Services,513 Kuanana St,Paia,Maui,96779,1 808-856-1214,,5,36,"[""Open 24 hours""]","[""Open 24 hours""]","[""Open 24 hours""]","[""Open 24 hours""]","[""Open 24 hours""]","[""Open 24 hours""]","[""Open 24 hours""]",20.9036639,-156.3732819
Malama Junk Removal | Maui's Go-To Junk Removal Service,,,Hawaii,,1 808-707-9978,,5,121,"[""8AM-4PM""]","[""8AM-4PM""]","[""8AM-4PM""]","[""8AM-4PM""]","[""8AM-4PM""]","[""8AM-4PM""]","[""Closed""]",20.8354785,-156.4982355
"MCS Junk Removal, Moving and Dumpster Rental",,,Hawaii,,1 808-298-5498,,5,20,"[""8AM-7PM""]","[""8AM-7PM""]","[""8AM-7PM""]","[""8AM-7PM""]","[""8AM-7PM""]","[""8AM-7PM""]","[""8AM-7PM""]",20.8029957,-156.3379827
Pono Hauling,621maalo st,Wailuku,Maui,96793,1 808-318-1632,,5,31,"[""7AM-6PM""]","[""7AM-6PM""]","[""7AM-6PM""]","[""7AM-6PM""]","[""7AM-6PM""]","[""Closed""]","[""7AM-6PM""]",20.8797867,-156.4826317
"Maui Disposal Co, Inc.",300 Lalo St,Kahului,Maui,96732,1 808-242-7999,,3.9,7,"[""6AM-4:30PM""]","[""6AM-4:30PM""]","[""6AM-4:30PM""]","[""6AM-4:30PM""]","[""6AM-4:30PM""]","[""7AM-3PM""]","[""Closed""]",20.8849983,-156.4568328
Maui Junk Squad,,,Hawaii,,1 808-344-0774,,5,44,"[""8AM-5PM""]","[""8AM-5PM""]","[""8AM-5PM""]","[""8AM-5PM""]","[""8AM-5PM""]","[""8AM-5PM""]","[""Closed""]",20.8029957,-156.3416276
Maui Hauling Services,,,Hawaii,,1 808-746-2861,,5,2,"[""8:30AM-4:30PM""]","[""8:30AM-4:30PM""]","[""8:30AM-4:30PM""]","[""8:30AM-4:30PM""]","[""8:30AM-4:30PM""]","[""8:30AM-4:30PM""]","[""Closed""]",20.825976,-156.4893326
Maui Junk and Lawn Solutions LLC,,,Hawaii,,1 808-442-2746,,5,7,"[""6AM-6PM""]","[""6AM-6PM""]","[""6AM-6PM""]","[""6AM-6PM""]","[""6AM-6PM""]","[""6AM-6PM""]","[""6AM-6PM""]",20.8660029,-156.6489651
"Aloha Waste Systems, Inc",301 Hansen Rd,Puunene,Oahu,96784,1 808-893-0932,,5,6,"[""8AM-4:30PM""]","[""8AM-4:30PM""]","[""8AM-4:30PM""]","[""8AM-4:30PM""]","[""8AM-4:30PM""]","[""Closed""]","[""Closed""]",20.8726384,-156.43944
Junk In Da Trunk Maui,18 Olali St,Lahaina,Maui,96761,1 808-498-3300,,5,15,"[""8AM-3PM""]","[""8AM-3PM""]","[""8AM-3PM""]","[""8AM-3PM""]","[""8AM-3PM""]","[""8AM-3PM""]","[""8AM-3PM""]",20.961194,-156.6827929
Central Maui Landfill Refuse and Recycling Center,Pulehu Rd & Hansen Rd,Puunene,Oahu,96784,1 808-270-6153,,4.3,87,"[""6AM-3PM""]","[""6AM-3PM""]","[""6AM-3PM""]","[""6AM-3PM""]","[""6AM-3PM""]","[""6AM-3PM""]","[""Closed""]",20.8588504,-156.4240722
We Move People,,,Hawaii,,1 808-855-6846,,4.8,39,"[""6AM-10PM""]","[""6AM-10PM""]","[""6AM-10PM""]","[""6AM-10PM""]","[""6AM-10PM""]","[""6AM-10PM""]","[""6AM-10PM""]",20.8029957,-156.3379827
Pau Hana Hauling,,,Hawaii,,1 808-430-8854,,5,27,"[""7AM-6PM""]","[""7AM-6PM""]","[""7AM-6PM""]","[""7AM-6PM""]","[""7AM-6PM""]","[""7AM-6PM""]","[""7AM-6PM""]",20.8029957,-156.3379827
Safe Movers Maui,,,Hawaii,,1 808-359-7807,,4.8,21,"[""6AM-10PM""]","[""6AM-10PM""]","[""6AM-10PM""]","[""6AM-10PM""]","[""6AM-10PM""]","[""6AM-10PM""]","[""6AM-10PM""]",20.8029957,-156.3373146
Waste Pro Hawaii LLC,301 Hansen Rd,Puunene,Oahu,96784,1 808-249-8203,,5,5,"[""7AM-3PM""]","[""7AM-3PM""]","[""7AM-3PM""]","[""7AM-3PM""]","[""7AM-3PM""]","[""Closed""]","[""Closed""]",20.8726384,-156.43944
Hammerhead® Metals Recycling,2000 Maui Veterans Hwy,Puunene,Oahu,96784,1 808-280-8844,,3.8,44,"[""7-11AM"",""11:45AM-3PM""]","[""7-11AM"",""11:45AM-3PM""]","[""7-11AM"",""11:45AM-3PM""]","[""7-11AM"",""11:45AM-3PM""]","[""7-11AM"",""11:45AM-3PM""]","[""Closed""]","[""Closed""]",20.8383642,-156.4640632
Maui County Refuse Collection,1827 Kaohu St,Wailuku,Maui,96793,1 808-270-7452,,2.1,10,"[""7AM-3:30PM""]","[""7AM-3:30PM""]","[""7AM-3:30PM""]","[""7AM-3:30PM""]","[""7AM-3:30PM""]","[""Closed""]","[""Closed""]",20.8834569,-156.4998502
RP Hauling & Transport,,,Hawaii,,1 808-268-7836,,5,7,"[""5AM-7PM""]","[""5AM-7PM""]","[""5AM-7PM""]","[""5AM-7PM""]","[""5AM-7PM""]","[""5AM-7PM""]","[""5AM-7PM""]",20.8029957,-156.3379827
Royal Hawaiian Movers,400 Hana Hwy Suite D,Kahului,Maui,96732,1 808-873-0777,,4.3,30,"[""7:30AM-4:30PM""]","[""7:30AM-4:30PM""]","[""7:30AM-4:30PM""]","[""7:30AM-4:30PM""]","[""7:30AM-4:30PM""]","[""Closed""]","[""Closed""]",20.8862146,-156.4552287
Valley Isle Dump Runs and Cleaning Services,45 Kanani Rd,Kihei,Maui,96753,1 808-463-4305,,5,1,"[""7AM-3PM""]","[""7AM-3PM""]","[""7AM-3PM""]","[""7AM-3PM""]","[""7AM-3PM""]","[""7AM-3PM""]","[""Closed""]",20.7278942,-156.44831
Smooth Moves Maui,40 Hale Kuai Street Unit #201,Kihei,Maui,96753,1 808-269-8373,,5,75,"[""8AM-6PM""]","[""8AM-6PM""]","[""8AM-6PM""]","[""8AM-6PM""]","[""8AM-6PM""]","[""Closed""]","[""Closed""]",20.7781599,-156.4604854
Wailea Movers and Storage,1215 S Kihei Rd Ste o #742,Kihei,Maui,96753,1 808-707-7588,,4.9,392,"[""8:30AM-4:30PM""]","[""8:30AM-4:30PM""]","[""8:30AM-4:30PM""]","[""8:30AM-4:30PM""]","[""8:30AM-4:30PM""]","[""Closed""]","[""Closed""]",20.7508642,-156.4545857
Maui Island Towing by Kihei Auto Sales,"177 Hale Kuai Street 81 Alae Street Kahului HI 96762, 177 Hale Kuai St",Kihei,Maui,96753,1 808-280-4234,,4.9,48,"[""Open 24 hours""]","[""Open 24 hours""]","[""Open 24 hours""]","[""Open 24 hours""]","[""Open 24 hours""]","[""Open 24 hours""]","[""Open 24 hours""]",20.7453938,-156.4495402
Menehune Hauling LLC,,,Hawaii,,1 808-866-0898,,5,2,"[""7AM-5PM""]","[""7AM-5PM""]","[""7AM-5PM""]","[""7AM-5PM""]","[""7AM-5PM""]","[""Closed""]","[""Closed""]",20.8029957,-156.3379827
You First Movers,,,Hawaii,,1 808-268-4720,,5,32,"[""8AM-5PM""]","[""8AM-5PM""]","[""8AM-5PM""]","[""8AM-5PM""]","[""8AM-5PM""]","[""8AM-5PM""]","[""Closed""]",20.9173431,-157.87152
Westside Waste LLC.,300 Lahainaluna Rd,Lahaina,Maui,96761,1 808-830-0144,,,,"[""8AM-5PM""]","[""8AM-5PM""]","[""8AM-5PM""]","[""8AM-5PM""]","[""8AM-5PM""]","[""Closed""]","[""Closed""]",20.8747449,-156.6725316
Olowalu Residential Recycling & Refuse Center,,Lahaina,Maui,96761,,,4.6,10,"[""8AM-2:30PM""]","[""8AM-2:30PM""]","[""8AM-2:30PM""]","[""8AM-2:30PM""]","[""8AM-2:30PM""]","[""8AM-2:30PM""]","[""Closed""]",20.8273003,-156.6327734
Olowalu Recycling & Refuse Convenience Center,361 Luawai St,Lahaina,Maui,96761,,,3.3,12,"[""8AM-2:30PM""]","[""8AM-2:30PM""]","[""8AM-2:30PM""]","[""8AM-2:30PM""]","[""8AM-2:30PM""]","[""8AM-2:30PM""]","[""Closed""]",20.830177,-156.6326474
Maui Waste Systems,1043 Makawao Ave,Makawao,Maui,96768,1 808-633-7579,,5,2,"[""7:30AM-4:30PM""]","[""7:30AM-4:30PM""]","[""7:30AM-4:30PM""]","[""7:30AM-4:30PM""]","[""7:30AM-4:30PM""]","[""Closed""]","[""Closed""]",20.8517178,-156.3139563
Hawaii Vegetation Control LLC,2810 Kokomo Rd,Haiku,Maui,96708,1 808-264-5942,,5,23,"[""7AM-6PM""]","[""7AM-6PM""]","[""7AM-6PM""]","[""7AM-6PM""]","[""7AM-6PM""]","[""7AM-6PM""]","[""7AM-6PM""]",20.8684167,-156.3090142
Roll Offs,247 Hiwalani Loop,Makawao,Maui,96768,1 808-283-9342,,,,,,,,,,,20.8411023,-156.3457105
"Pacific Island Hauling, Inc.",16 Hobron Ave #204,Kahului,Maui,96732,1 808-870-1880,,4.5,4,,,,,,,,20.8915351,-156.461074
Ace Trucking LLC,,,Hawaii,,1 808-344-7003,,5,1,"[""7AM-5PM""]","[""7AM-5PM""]","[""7AM-5PM""]","[""7AM-5PM""]","[""7AM-5PM""]","[""7AM-5PM""]","[""Closed""]",20.8666385,-156.6466671
Maui Gravel and Soil,,,Hawaii,,1 808-446-6742,,5,11,"[""Open 24 hours""]","[""Open 24 hours""]","[""Open 24 hours""]","[""Open 24 hours""]","[""Open 24 hours""]","[""Open 24 hours""]","[""Open 24 hours""]",20.8029957,-156.3379827
T. Sniffen & Sons LLC,124 Kuhuoi St,Kahului,Maui,96732,1 808-871-7781,,4.3,6,,,,,,,,20.8827288,-156.459868
C & J Hauling Services Inc,,Wailuku,Maui,96793,1 808-870-2345,,,,"[""9AM-6PM""]","[""9AM-6PM""]","[""9AM-6PM""]","[""9AM-6PM""]","[""9AM-6PM""]","[""9AM-1PM""]","[""Closed""]",20.8911111,-156.5047222
U-Haul Moving & Storage of Maui-Kahului,424 Dairy Rd,Kahului,Maui,96732,1 808-249-8041,,4.2,127,"[""7AM-7PM""]","[""7AM-7PM""]","[""7AM-7PM""]","[""7AM-7PM""]","[""7AM-8PM""]","[""7AM-7PM""]","[""9AM-5PM""]",20.8859286,-156.4511982
Rojac Trucking Inc,150 Pakana St,Wailuku,Maui,96793,1 808-986-1100,,3.5,8,"[""7AM-5PM""]","[""7AM-5PM""]","[""7AM-5PM""]","[""7AM-5PM""]","[""7AM-5PM""]","[""7AM-12PM""]","[""Closed""]",20.8527092,-156.496579
B B Trucking & Storage,200 Waiehu Beach Rd,Wailuku,Maui,96793,1 808-877-3966,,4.9,8,"[""7AM-3PM""]","[""7AM-3PM""]","[""7AM-3PM""]","[""7AM-3PM""]","[""7AM-3PM""]","[""Closed""]","[""Closed""]",20.9021599,-156.4821028
TJ Gomes Trucking Co Inc,500 B Waiale Rd,Wailuku,Maui,96793,1 808-244-0036,,3.6,18,"[""7AM-5PM""]","[""7AM-5PM""]","[""7AM-5PM""]","[""7AM-5PM""]","[""7AM-5PM""]","[""Closed""]","[""Closed""]",20.8796881,-156.498389
Fast Comet Delivery,358 Papa Pl Ste G,Kahului,Maui,96732,1 808-276-1037,,4.7,11,"[""7AM-5PM""]","[""7AM-5PM""]","[""7AM-5PM""]","[""7AM-5PM""]","[""7AM-5PM""]","[""Closed""]","[""Closed""]",20.8847994,-156.4543532
Kihei Clean,182 Iliwai Loop,Kihei,Maui,96753,1 808-207-4923,,4.8,50,"[""Open 24 hours""]","[""Open 24 hours""]","[""Open 24 hours""]","[""Open 24 hours""]","[""Open 24 hours""]","[""Open 24 hours""]","[""Open 24 hours""]",20.7164779,-156.4381111
CSI Carpet Cleaners,2811 Ohina St,Kihei,Maui,96753,1 808-205-3237,,4.9,459,"[""Open 24 hours""]","[""Open 24 hours""]","[""Open 24 hours""]","[""Open 24 hours""]","[""Open 24 hours""]","[""Open 24 hours""]","[""Open 24 hours""]",20.7098219,-156.4376396
Aloha Cleaning Experts,,,Hawaii,,1 808-268-0808,,5,75,"[""9AM-5PM""]","[""9AM-5PM""]","[""9AM-5PM""]","[""9AM-5PM""]","[""9AM-5PM""]","[""9AM-5PM""]","[""9AM-5PM""]",20.8666385,-156.6466671
Maui Refresh llc,,,Hawaii,,1 808-339-3600,,4.9,79,"[""7AM-6PM""]","[""7AM-6PM""]","[""7AM-6PM""]","[""7AM-6PM""]","[""7AM-6PM""]","[""7AM-6PM""]","[""7AM-6PM""]",20.8666385,-156.6466671
Above All Cleaning Maui LLC,345 Kaiwahine St,Kihei,Maui,96753,1 808-214-7481,,5,4,"[""8AM-5PM""]","[""8AM-5PM""]","[""8AM-5PM""]","[""8AM-5PM""]","[""8AM-5PM""]","[""8AM-5PM""]","[""8AM-5PM""]",20.7805543,-156.4529924
Maui Cleaning Pros,,,Hawaii,,1 808-250-8744,,5,36,"[""Open 24 hours""]","[""Open 24 hours""]","[""Open 24 hours""]","[""Open 24 hours""]","[""Open 24 hours""]","[""Closed""]","[""Closed""]",20.731372,-156.467321
Lala's Services LLC,325 Wainohia St,Kihei,Maui,96753,1 808-260-2994,,4.8,4,,,,,,,,20.7758754,-156.4499923
Viral Clean Maui LLC,208 Luakaha Cir,Kihei,Maui,96753,,,5,1,,,,,,,,20.7561429,-156.4487639
RCI ISLAND CLEANERS LLC,,,Hawaii,,1 808-250-2153,,5,40,"[""6AM-6PM""]","[""6AM-6PM""]","[""6AM-6PM""]","[""6AM-6PM""]","[""6AM-6PM""]","[""6AM-6PM""]","[""6AM-6PM""]",20.802448,-156.3379827
Lipoa Laundry Center,41 E Lipoa St #1,Kihei,Maui,96753,1 808-875-9266,,4,184,"[""7AM-9PM""]","[""7AM-9PM""]","[""7AM-9PM""]","[""7AM-9PM""]","[""7AM-9PM""]","[""7AM-5PM""]","[""7AM-5PM""]",20.7488525,-156.453867
Maui Cleaning Care,,,Hawaii,,1 808-464-8905,,5,6,"[""8AM-5PM""]","[""8AM-5PM""]","[""8AM-5PM""]","[""8AM-5PM""]","[""8AM-5PM""]","[""8AM-5PM""]","[""8AM-5PM""]",20.7242875,-156.4513575
Nathan's Natural Flooring & Upholstery Cleaning Maui,480 Kenolio Rd Apt 3-206,Kihei,Maui,96753,1 907-378-5581,,4.9,206,"[""8AM-6PM""]","[""8AM-6PM""]","[""8AM-6PM""]","[""8AM-6PM""]","[""8AM-6PM""]","[""8AM-6PM""]","[""9AM-6PM""]",20.7711419,-156.4572485
Kihei Cleaning Services,,,Hawaii,,1 808-500-5737,,,,"[""8:30AM-4:30PM""]","[""8:30AM-4:30PM""]","[""8:30AM-4:30PM""]","[""8:30AM-4:30PM""]","[""8:30AM-4:30PM""]","[""Closed""]","[""Closed""]",20.825976,-156.4893326
Wailea Cleaners,53 Honuhula St,Kihei,Maui,96753,1 808-866-6466,,5,2,"[""8AM-6PM""]","[""8AM-6PM""]","[""8AM-6PM""]","[""8AM-6PM""]","[""8AM-6PM""]","[""8AM-6PM""]","[""8AM-6PM""]",20.7793487,-156.4576781
Clear Choice Cleaning - Window Cleaning Maui,,,Hawaii,,1 808-757-8103,,5,196,"[""6AM-9PM""]","[""6AM-9PM""]","[""6AM-9PM""]","[""6AM-9PM""]","[""6AM-9PM""]","[""6AM-9PM""]","[""Closed""]",20.805345,-156.3361744
"Sunrise to Sunset LLC. Commercial, residential, and janitorial cleaning - available 24/7",,,Hawaii,,1 808-359-4066,,5,1,"[""Open 24 hours""]","[""Open 24 hours""]","[""Open 24 hours""]","[""Open 24 hours""]","[""Open 24 hours""]","[""Open 24 hours""]","[""Open 24 hours""]",20.70324,-156.4373864
Koa Hauls,,,Hawaii,,1 808-298-6888,,5,10,"[""Open 24 hours""]","[""Open 24 hours""]","[""Open 24 hours""]","[""Open 24 hours""]","[""Open 24 hours""]","[""Open 24 hours""]","[""Open 24 hours""]",20.8666385,-156.6466671
Country Trucking,,,Hawaii,,1 808-870-9658,,5,1,"[""7AM-7PM""]","[""7AM-7PM""]","[""7AM-7PM""]","[""7AM-7PM""]","[""7AM-7PM""]","[""Closed""]","[""Closed""]",20.8029957,-156.3379827
Maui EKO Systems,"Central Maui Landfill, 1 Pulehu Rd",Puunene,Oahu,96784,1 808-572-8844,,4.9,16,"[""7AM-3PM""]","[""7AM-3PM""]","[""7AM-3PM""]","[""7AM-3PM""]","[""7AM-3PM""]","[""Closed""]","[""Closed""]",20.8599108,-156.4178685
Maui Industry Services,964 Kahealani St,Haiku,Maui,96708,1 808-868-7658,,5,69,"[""7AM-7:30PM""]","[""7AM-7:30PM""]","[""7AM-7PM""]","[""7AM-7:30PM""]","[""7AM-7:30PM""]","[""7AM-7:30PM""]","[""7AM-7:30PM""]",20.9146432,-156.3203594
ClimbingHi LLC,616 W Kuiaha Rd,Haiku,Maui,96708,1 808-269-5462,,4.9,113,"[""8AM-4PM""]","[""8AM-4PM""]","[""8AM-4PM""]","[""8AM-4PM""]","[""8AM-4PM""]","[""Closed""]","[""Closed""]",20.9149558,-156.3106089
Hawaii Materials Recycling,E Welakahao Rd,Kihei,Maui,96753,1 808-856-6231,,4.7,10,"[""7:30AM-3:30PM""]","[""7:30AM-3:30PM""]","[""7:30AM-3:30PM""]","[""7:30AM-3:30PM""]","[""7:30AM-3:30PM""]","[""Closed""]","[""Closed""]",20.7384986,-156.4391326
Garden Isle Disposal,2666 Niumalu Rd,Lihue,Kauai,96766,1 808-245-2372,,4.2,5,"[""7AM-4:30PM""]","[""7AM-4:30PM""]","[""7AM-4:30PM""]","[""7AM-4:30PM""]","[""7AM-4:30PM""]","[""8AM-12PM""]","[""Closed""]",21.9557344,-159.3576697
Kauai Dump runs,4702 Mailihuna Rd,Kapaʻa,Oahu,96746,1 619-707-0612,,4.2,5,"[""8AM-5PM""]","[""8AM-5PM""]","[""8AM-5PM""]","[""8AM-5PM""]","[""8AM-5PM""]","[""8AM-5PM""]","[""Closed""]",22.092542,-159.3132838
Ohana Dump Runs Kauai,3891 Omao Rd,Koloa,Kauai,96756,1 808-353-1973,,5,26,"[""Closed""]","[""8AM-5PM""]","[""8AM-5PM""]","[""8AM-5PM""]","[""8AM-5PM""]","[""8AM-5PM""]","[""Closed""]",21.9160249,-159.4808516
KAUAI JUNK GUY,,,Hawaii,,1 808-651-3188,,5,6,"[""9AM-4PM""]","[""9AM-4PM""]","[""9AM-4PM""]","[""9AM-4AM""]","[""9AM-4AM""]","[""9AM-4AM""]","[""Closed""]",22.0518381,-159.539722
Lihue Refuse Transfer Station,3450 Ahukini Rd,Lihue,Kauai,96766,1 808-212-4683,,4.8,14,"[""7:15AM-3:15PM""]","[""7:15AM-3:15PM""]","[""7:15AM-3:15PM""]","[""7:15AM-3:15PM""]","[""7:15AM-3:15PM""]","[""7:15AM-3:15PM""]","[""7:15AM-3:15PM""]",21.9883796,-159.339331
Kauai Veterans' Express Co. LTD,3-1480 Kaumualii Hwy,Lihue,Kauai,96766,1 808-245-3553,,4.8,4,"[""7AM-3PM""]","[""7AM-3PM""]","[""7AM-3PM""]","[""7AM-3PM""]","[""7AM-3PM""]","[""Closed""]","[""Closed""]",21.9619691,-159.4085799
Puhi Metals Recycling Facility (Resource Recovery Solutions),3951 Puhi Rd,Lihue,Kauai,96766,1 808-245-6919,,4.4,15,"[""7:30AM-3:30PM""]","[""7:30AM-3:30PM""]","[""7:30AM-3:30PM""]","[""7:30AM-3:30PM""]","[""7:30AM-3:30PM""]","[""7:30AM-3:30PM""]","[""Closed""]",21.9549159,-159.3904339
Kauai Towing and Hauling,,,Hawaii,,1 808-855-0127,,5,16,"[""6AM-10PM""]","[""6AM-10PM""]","[""6AM-10PM""]","[""6AM-10PM""]","[""6AM-10PM""]","[""6AM-10PM""]","[""6AM-10PM""]",22.2170315,-159.478738
Royal Hawaiian Movers,1675 Haleukana St,Lihue,Kauai,96766,1 808-245-5879,,4.9,24,"[""7:30AM-4:30PM""]","[""7:30AM-4:30PM""]","[""7:30AM-4:30PM""]","[""7:30AM-4:30PM""]","[""7:30AM-4:30PM""]","[""Closed""]","[""Closed""]",21.961059,-159.394994
Ritas Equipment Rental & Trash Disposal Inc,3020 Lauoho Rd,Kalaheo,Kauai,96741,1 808-332-8339,,4,4,"[""8AM-5PM""]","[""8AM-5PM""]","[""8AM-5PM""]","[""8AM-5PM""]","[""8AM-5PM""]","[""Closed""]","[""Closed""]",21.9225327,-159.5159042
Pa'a Hana Towing & Hauling LLC,,,Hawaii,,1 808-639-3061,,4.6,20,"[""Open 24 hours""]","[""Open 24 hours""]","[""Open 24 hours""]","[""Open 24 hours""]","[""Open 24 hours""]","[""Open 24 hours""]","[""Open 24 hours""]",21.9185494,-159.5230045
BLS & KTC Inc,,,Hawaii,,1 808-246-6275,,,,"[""7AM-4PM""]","[""7AM-4PM""]","[""7AM-4PM""]","[""7AM-4PM""]","[""7AM-4PM""]","[""7AM-4PM""]","[""7AM-4PM""]",21.973863,-159.3961256
Kauai Trucking LLC,5338 Luana St,Kapaʻa,Oahu,96746,1 808-634-3867,,5,3,"[""Open 24 hours""]","[""Open 24 hours""]","[""Open 24 hours""]","[""Open 24 hours""]","[""Open 24 hours""]","[""Open 24 hours""]","[""Open 24 hours""]",22.0971504,-159.325413
Kauai Freight Service,2956 Aukele St #103,Lihue,Kauai,96766,1 808-245-1919,,4.5,4,"[""7:30AM-4:30PM""]","[""7:30AM-4:30PM""]","[""7:30AM-4:30PM""]","[""7:30AM-4:30PM""]","[""7:30AM-4:30PM""]","[""Closed""]","[""Closed""]",21.9654457,-159.355045
Aloha Isle Moving,1811 Leleiona St,Lihue,Kauai,96766,1 808-245-1985,,3,21,"[""7AM-4PM""]","[""7AM-4PM""]","[""7AM-4PM""]","[""7AM-4PM""]","[""7AM-4PM""]","[""Closed""]","[""Closed""]",21.9623736,-159.3951198
Kahanu Trucking Service,4186 Waiahi St,Lihue,Kauai,96766,1 808-320-0193,,4.7,3,"[""8AM-6PM""]","[""8AM-6PM""]","[""8AM-6PM""]","[""8AM-6PM""]","[""8AM-6PM""]","[""8AM-6PM""]","[""Closed""]",21.9935595,-159.3525888
Kauai Freight Service,4301 Puhi Rd,Lihue,Kauai,96766,1 808-245-2399,,4,5,"[""7:30AM-4:30PM""]","[""7:30AM-4:30PM""]","[""7:30AM-4:30PM""]","[""7:30AM-4:30PM""]","[""7:30AM-4:30PM""]","[""Closed""]","[""Closed""]",21.963433,-159.394001
Universal Delivery Services,1794 Haleukana St #3,Lihue,Kauai,96766,1 808-245-9974,,3,2,,,,,,,,21.958052,-159.3936093
Garden Isle Courier & Trucking,1537 Haleukana St,Lihue,Kauai,96766,1 808-246-0146,,4.1,23,"[""9AM-5PM""]","[""9AM-5PM""]","[""9AM-5PM""]","[""9AM-5PM""]","[""9AM-5PM""]","[""Closed""]","[""Closed""]",21.9577081,-159.3923729
Kauai Movers,,,Hawaii,,1 808-639-2353,,4.6,11,,,,,,,,21.9454286,-159.921351
Wally Rita Trucking Inc,,Lihue,Kauai,96766,1 808-652-8582,,,,,,,,,,,21.9811111,-159.3711111
"Young Brothers, LLC",3020 Waapa Rd # 3,Lihue,Kauai,96766,1 808-245-4051,,4.3,66,"[""7:30-11:30AM""]","[""7:30AM-3:30PM""]","[""7:30-11:30AM""]","[""7:30-11:30AM""]","[""7:30AM-3:30PM""]","[""Closed""]","[""Closed""]",21.9521713,-159.3601379
Garden Island Towing and Pumping,3133 Oihana St,Lihue,Kauai,96766,1 808-652-6675,,4,52,"[""Open 24 hours""]","[""Open 24 hours""]","[""Open 24 hours""]","[""Open 24 hours""]","[""Open 24 hours""]","[""Open 24 hours""]","[""Open 24 hours""]",21.9700012,-159.3574917
808 Truck Rentals Inc,4181 Rice St,Lihue,Kauai,96766,1 808-245-3233,,4.5,18,"[""7:30AM-3PM""]","[""7:30AM-3PM""]","[""7:30AM-3PM""]","[""7:30AM-3PM""]","[""7:30AM-3PM""]","[""8AM-12PM""]","[""Closed""]",21.9706549,-159.363084
"Ohana House Cleaning | Affordable Residential Cleaning, Superior One-Time Home Cleaning Services",3864 Hoohuki St,Lihue,Kauai,96766,1 808-481-5340,,5,26,"[""Open 24 hours""]","[""Open 24 hours""]","[""Open 24 hours""]","[""Open 24 hours""]","[""Open 24 hours""]","[""Open 24 hours""]","[""Open 24 hours""]",21.990202,-159.359465
SERVPRO of Kauai,,,Hawaii,,1 808-788-3858,,5,17,"[""Open 24 hours""]","[""Open 24 hours""]","[""Open 24 hours""]","[""Open 24 hours""]","[""Open 24 hours""]","[""Open 24 hours""]","[""Open 24 hours""]",22.0613385,-159.4507779
FIRST ONSITE Property Restoration,3093 Peleke St,Lihue,Kauai,96766,1 808-346-7344,,5,69,"[""Open 24 hours""]","[""Open 24 hours""]","[""Open 24 hours""]","[""Open 24 hours""]","[""Open 24 hours""]","[""Open 24 hours""]","[""Open 24 hours""]",21.9681705,-159.3550099
Luxe Clean LLC,2903A Kokio St,Lihue,Kauai,96766,1 808-977-0427,,5,20,"[""7:30AM-7PM""]","[""7:30AM-7PM""]","[""7:30AM-7PM""]","[""7:30AM-7PM""]","[""7:30AM-7PM""]","[""7:30AM-7PM""]","[""7:30AM-7PM""]",21.9703527,-159.3711527
Absolute Carpet Clean & Janitorial Services,,,Hawaii,,1 808-250-0791,,5,20,"[""Open 24 hours""]","[""Open 24 hours""]","[""Open 24 hours""]","[""Open 24 hours""]","[""Open 24 hours""]","[""Closed""]","[""Closed""]",21.0806735,-157.657108
All Kauai Cleaning & Dirt,3169 Oihana St # D,Lihue,Kauai,96766,1 808-246-0089,,5,4,,,,,,,,21.970265,-159.357148
Clog Busters Kauai,,,Hawaii,,1 808-639-4390,,4.9,59,"[""Open 24 hours""]","[""Open 24 hours""]","[""Open 24 hours""]","[""Open 24 hours""]","[""Open 24 hours""]","[""Open 24 hours""]","[""Open 24 hours""]",21.9454286,-159.921351
Deep Serene Clean,,,Hawaii,,1 808-634-1104,,4.6,45,"[""Open 24 hours""]","[""Open 24 hours""]","[""Open 24 hours""]","[""Open 24 hours""]","[""Open 24 hours""]","[""Open 24 hours""]","[""Open 24 hours""]",22.0490304,-159.4445619
Squeaky Clean Hawaii,3419 Iwipoo Rd,Kalaheo,Kauai,96741,1 808-427-3830,,3.7,3,"[""Open 24 hours""]","[""Open 24 hours""]","[""Open 24 hours""]","[""Open 24 hours""]","[""Open 24 hours""]","[""Open 24 hours""]","[""Open 24 hours""]",21.9201791,-159.5046715
ECO Kauai Services,,,Hawaii,,1 808-652-0106,,5,122,"[""9AM-5PM""]","[""9AM-5PM""]","[""9AM-5PM""]","[""9AM-5PM""]","[""9AM-5PM""]","[""Closed""]","[""Closed""]",22.0490304,-159.4924365
Kauai Green Cleaning Services,,,Hawaii,,1 808-652-5391,,4.3,6,"[""8AM-4PM""]","[""8AM-4PM""]","[""8AM-4PM""]","[""8AM-4PM""]","[""8AM-4PM""]","[""8AM-4PM""]","[""8AM-4PM""]",22.0518381,-159.5401414
House Cleaning Kauai,5334 Kumole St,Kapaʻa,Oahu,96746,1 808-652-7523,,5,4,"[""9AM-7PM""]","[""9AM-7PM""]","[""9AM-7PM""]","[""9AM-7PM""]","[""9AM-7PM""]","[""9AM-7PM""]","[""9AM-7PM""]",22.0975064,-159.3243271
Kauai General Services,3580 Lauoho Rd,Kalaheo,Kauai,96741,1 808-651-1422,,5,9,"[""6:30AM-6PM""]","[""6:30AM-6PM""]","[""6:30AM-6PM""]","[""6:30AM-6PM""]","[""6:30AM-6PM""]","[""6:30AM-6PM""]","[""Closed""]",21.919922,-159.5060517
Blue Wave Kauai,4224 Hanahao Pl,Lihue,Kauai,96766,1 808-337-2583,,4.8,5,"[""9AM-5PM""]","[""9AM-5PM""]","[""9AM-5PM""]","[""9AM-5PM""]","[""9AM-5PM""]","[""Closed""]","[""Closed""]",21.9611313,-159.3929973
Tidy Island Cleaning Service,,,Hawaii,,1 808-855-0373,,5,1,"[""8AM-5PM""]","[""8AM-5PM""]","[""8AM-5PM""]","[""8AM-5PM""]","[""8AM-5PM""]","[""8AM-5PM""]","[""Closed""]",21.9454286,-159.921351
D.A.S Drain Cleaning & Handyman Service Inc.,2080 Manawalea St,Lihue,Kauai,96766,1 808-639-3507,,5,4,,,,,,,,21.9593023,-159.3887647
AAA Cleaning and Repairs,3075 Huali St,Lihue,Kauai,96766,1 808-763-8366,,5,9,"[""8AM-5PM""]","[""8AM-5PM""]","[""8AM-5PM""]","[""8AM-5PM""]","[""8AM-5PM""]","[""Closed""]","[""Closed""]",21.9706631,-159.3599093
Leo's Rubbish Service,456 Kekuanaoa St,Hilo,Hawaii Island,96720,1 808-935-5850,,4.6,14,"[""7AM-3:30PM""]","[""7AM-3:30PM""]","[""7AM-3:30PM""]","[""7AM-3:30PM""]","[""7AM-3:30PM""]","[""Closed""]","[""Closed""]",19.7114155,-155.0718956
Big Island Disposal Service,1300 Kekuanaoa St,Hilo,Hawaii Island,96720,1 808-640-2724,,5,1,"[""7:30AM-4:30PM""]","[""7:30AM-4:30PM""]","[""7:30AM-4:30PM""]","[""7:30AM-4:30PM""]","[""7:30AM-4:30PM""]","[""7:30AM-4:30PM""]","[""Closed""]",19.7148374,-155.0468618
Malama Trash Services,47 Awapuhi St,Hilo,Hawaii Island,96720,1 808-769-9929,,5,14,"[""6AM-6PM""]","[""6AM-6PM""]","[""6AM-6PM""]","[""6AM-6PM""]","[""6AM-6PM""]","[""6AM-6PM""]","[""6AM-6PM""]",19.6835765,-155.0642595
NATS TOWING,154A Holomua St,Hilo,Hawaii Island,96720,1 808-217-5519,,5,48,"[""Open 24 hours""]","[""Open 24 hours""]","[""Open 24 hours""]","[""Open 24 hours""]","[""Open 24 hours""]","[""Open 24 hours""]","[""Open 24 hours""]",19.7012435,-155.0664523
Hilo Transfer Station,,Hilo,Hawaii Island,96720,,,4.3,44,"[""6AM-6PM""]","[""6AM-6PM""]","[""6AM-6PM""]","[""6AM-6PM""]","[""6AM-6PM""]","[""6AM-6PM""]","[""6AM-6PM""]",19.7049783,-155.0503734
Pacific Waste,,Hilo,Hawaii Island,96720,1 808-326-4911,,3,4,"[""9AM-5PM""]","[""9AM-5PM""]","[""9AM-5PM""]","[""9AM-5PM""]","[""9AM-5PM""]","[""Closed""]","[""Closed""]",19.7297143,-155.0900154
Aloha Junk Removal,851 Leilani St,Hilo,Hawaii Island,96720,1 808-935-0867,,,,,,,,,,,19.7097909,-155.0621721
Mermaid Hunter,18-1251 Kauai St,Mountain View,Hawaii Island,96771,1 808-491-3239,,,,"[""Open 24 hours""]","[""Open 24 hours""]","[""Open 24 hours""]","[""Open 24 hours""]","[""Open 24 hours""]","[""Open 24 hours""]","[""Open 24 hours""]",19.5798193,-155.1272428
Business Services Hawaii,16-630 Kipimana St,Keaau,Hawaii Island,96749,1 808-966-7489,,4.4,13,"[""8AM-4PM""]","[""8AM-4PM""]","[""8AM-4PM""]","[""8AM-4PM""]","[""8AM-4PM""]","[""Closed""]","[""Closed""]",19.6372419,-155.0494233
Atlas Recycling Center LLC,30 Makaala St A,Hilo,Hawaii Island,96720,1 808-935-9328,,4.6,25,"[""8AM-5PM""]","[""8AM-5PM""]","[""8AM-5PM""]","[""8AM-5PM""]","[""8AM-5PM""]","[""8AM-3PM""]","[""8AM-3PM""]",19.7050383,-155.0679283
Big Isle Moving & Draying Incorporated,69 Railroad Ave,Hilo,Hawaii Island,96720,1 808-935-9353,,4.5,17,,,,,,,,19.7071985,-155.0608436
Mr K's Recycle & Redemption Center,815 Kinoole St,Hilo,Hawaii Island,96720,1 808-969-1222,,4.5,57,"[""8:30AM-4:30PM""]","[""8:30AM-4:30PM""]","[""8:30AM-4:30PM""]","[""8:30AM-4:30PM""]","[""8:30AM-4:30PM""]","[""8:30AM-4:30PM""]","[""8:30AM-4:30PM""]",19.716625,-155.0832193
Big Island Metal Recycling,16-275 Mikahala St,Keaau,Hawaii Island,96749,1 808-954-9172,,4,4,"[""8AM-4PM""]","[""8AM-4PM""]","[""8AM-4PM""]","[""8AM-4PM""]","[""8AM-4PM""]","[""Closed""]","[""Closed""]",19.6317278,-155.0558046
Town & Country Moving Storage,100 Makalika St,Hilo,Hawaii Island,96720,1 808-969-1911,,4.9,36,"[""6AM-8PM""]","[""6AM-8PM""]","[""6AM-8PM""]","[""6:30AM-8PM""]","[""6AM-8PM""]","[""9-11AM""]","[""9-11AM""]",19.6693559,-155.0604339
Big Island Scrap Metal,16-168 Kalara St,Keaau,Hawaii Island,96749,1 808-854-4530,,4.1,9,"[""7AM-3:30PM""]","[""7AM-3:30PM""]","[""7AM-3:30PM""]","[""7AM-3:30PM""]","[""7AM-3:30PM""]","[""7AM-3PM""]","[""Closed""]",19.6367511,-155.051604
"PFI Rubbish Service, Inc",74-5598 Alapa St,Kailua-Kona,Hawaii Island,96740,1 808-329-3440,,3.9,18,"[""8AM-4PM""]","[""8AM-4PM""]","[""8AM-4PM""]","[""8AM-4PM""]","[""8AM-4PM""]","[""Closed""]","[""Closed""]",19.64521,-155.99876
Atlas Recycling Centers LLC,74-5600 Alapa St,Kailua-Kona,Hawaii Island,96740,1 808-329-6868,,4.6,29,"[""7AM-4PM""]","[""7AM-4PM""]","[""7AM-4PM""]","[""7AM-4PM""]","[""7AM-4PM""]","[""8AM-3PM""]","[""8AM-3PM""]",19.6448746,-155.9985542
Kealakehe Transfer Station and Recycling Center,74-598 Hale Makai Pl,Kailua-Kona,Hawaii Island,96740,1 808-961-8339,,4.1,66,"[""6AM-6PM""]","[""6AM-6PM""]","[""6AM-6PM""]","[""6AM-6PM""]","[""6AM-6PM""]","[""6AM-6PM""]","[""6AM-6PM""]",19.6629042,-156.0052022
We Can Too LLC,,,Hawaii,,1 808-960-1374,,5,7,"[""7AM-5PM""]","[""7AM-5PM""]","[""7AM-5PM""]","[""7AM-5PM""]","[""7AM-5PM""]","[""7AM-5PM""]","[""Closed""]",19.6390595,-155.9992155
"Junk Yard Dogs - Hilo & Kona, Big Island Hawaii",73-4128 Hulikoa Dr,Kailua-Kona,Hawaii Island,96740,1 808-324-4869,,4,4,,,,,,,,19.6995156,-156.0225166
SERVPRO of Hawaii | SERVPRO of Maui,77-6435 Kuakini Hwy Suite 201,Kailua-Kona,Hawaii Island,96740,1 808-900-7291,,4.9,103,"[""Open 24 hours""]","[""Open 24 hours""]","[""Open 24 hours""]","[""Open 24 hours""]","[""Open 24 hours""]","[""Open 24 hours""]","[""Open 24 hours""]",19.6042647,-155.9620089
Hawaiian Wrecking and Recycling,74-5600 Alapa St,Kailua-Kona,Hawaii Island,96740,,,,,,,,,,,,19.645707,-155.998473
Yessah Dumpstah,,,Hawaii,,1 808-747-4221,,,,"[""7AM-3:30PM""]","[""7AM-3:30PM""]","[""7AM-3:30PM""]","[""7AM-3:30PM""]","[""7AM-3:30PM""]","[""Closed""]","[""Closed""]",19.71579,-155.857527
1-800-GOT-JUNK? Honolulu,821B Cedar St,Honolulu,Oahu,96814,1 808-204-1456,,4.9,4695,"[""Open 24 hours""]","[""Open 24 hours""]","[""Open 24 hours""]","[""Open 24 hours""]","[""Open 24 hours""]","[""Open 24 hours""]","[""Open 24 hours""]",21.2974009,-157.8424565
Waimea Transfer Station,,Waimea,Kauai,96743,1 808-961-8270,,4.4,14,"[""6AM-6PM""]","[""6AM-6PM""]","[""6AM-6PM""]","[""6AM-6PM""]","[""6AM-6PM""]","[""6AM-6PM""]","[""6AM-6PM""]",20.0229285,-155.6957037
Atlas Recycling Center LLC,64-1004 Mamalahoa Hwy,Waimea,Kauai,96743,1 808-885-6122,,4.7,13,"[""9AM-4PM""]","[""Closed""]","[""9AM-4PM""]","[""Closed""]","[""9AM-4PM""]","[""9AM-3PM""]","[""Closed""]",20.0263648,-155.657292
Kamuela Roll Offs,,,Hawaii,,1 808-896-6817,,5,84,"[""7:30AM-6PM""]","[""7:30AM-6PM""]","[""7:30AM-6PM""]","[""7:30AM-6PM""]","[""7:30AM-6PM""]","[""7:30AM-6PM""]","[""Closed""]",19.5895753,-155.4341799
‘Ōpala Be Gone LLC,,,Hawaii,,1 808-333-1747,,5,3,"[""7AM-4PM""]","[""7AM-4PM""]","[""7AM-4PM""]","[""7AM-4PM""]","[""7AM-4PM""]","[""Closed""]","[""Closed""]",19.8341745,-155.5155475
Mamalahoa Dumpster Rental Waimea,67-1185 Mamalahoa Hwy,Waimea,Kauai,96743,1 808-646-5426,,5,1,"[""7AM-9PM""]","[""7AM-9PM""]","[""7AM-9PM""]","[""7AM-9PM""]","[""7AM-9PM""]","[""7AM-9PM""]","[""7AM-9PM""]",20.020523,-155.6683348
Edwin De Luz Trucking & Gravel LLC,68-1560 Mamalahoa Hwy,Waimea,Kauai,96743,1 808-885-9346,,4.6,11,"[""7:30AM-4:30PM""]","[""7:30AM-4:30PM""]","[""7:30AM-4:30PM""]","[""7:30AM-4:30PM""]","[""7:30AM-4:30PM""]","[""Closed""]","[""Closed""]",20.0000388,-155.6790655
Frankies Rubbish Service LLC,,,Hawaii,,1 808-938-5319,,5,4,"[""7AM-4PM""]","[""7AM-4PM""]","[""7AM-4PM""]","[""7AM-4PM""]","[""7AM-4PM""]","[""Closed""]","[""Closed""]",19.761797,-155.3768596
TKO DISPOSAL SERVICES,15-790 Kahakai Blvd,Pāhoa,Oahu,96778,,,1,1,"[""9AM-5PM""]","[""9AM-5PM""]","[""9AM-5PM""]","[""9AM-5PM""]","[""9AM-5PM""]","[""10AM-3PM""]","[""Closed""]",19.5282836,-154.9215538
Pahoa Recycling Center,15-1870 Old Cemetery Rd,Pāhoa,Oahu,96778,,,4.4,5,"[""6AM-6PM""]","[""6AM-6PM""]","[""6AM-6PM""]","[""6AM-6PM""]","[""6AM-6PM""]","[""6AM-6PM""]","[""6AM-6PM""]",19.4915425,-154.9600087
Allen's Tree Services,Nanawale,Pāhoa,Oahu,96778,1 808-965-6142,,5,11,"[""Open 24 hours""]","[""Open 24 hours""]","[""Open 24 hours""]","[""Open 24 hours""]","[""Open 24 hours""]","[""Open 24 hours""]","[""Open 24 hours""]",19.499041,-154.9519648
Big Island Land Clearing LLC,,,Hawaii,,1 808-217-0492,,5,21,"[""Open 24 hours""]","[""Open 24 hours""]","[""Open 24 hours""]","[""Open 24 hours""]","[""Open 24 hours""]","[""Open 24 hours""]","[""Closed""]",19.58579,-155.133369
Keaau Rubbish Transfer Station and County Water Filling station,16-921 Keaau-Pahoa Rd,Keaau,Hawaii Island,96749,,,4.2,88,"[""6AM-6PM""]","[""6AM-6PM""]","[""6AM-6PM""]","[""6AM-6PM""]","[""6AM-6PM""]","[""6AM-6PM""]","[""6AM-6PM""]",19.6045231,-155.0247534
Kea'au Reuse Center,Island of Hawai'i,Keaau,Hawaii Island,96749,,,4,9,"[""9AM-5PM""]","[""9AM-5PM""]","[""9AM-5PM""]","[""9AM-5PM""]","[""9AM-5PM""]","[""9AM-5PM""]","[""9AM-5PM""]",19.6050994,-155.0234949
Island Rock Slingers & Hauling,,,Hawaii,,1 808-731-1332,,5,4,"[""6AM-6PM""]","[""6AM-6PM""]","[""6AM-6PM""]","[""6AM-6PM""]","[""6AM-6PM""]","[""Closed""]","[""Closed""]",19.5895753,-155.4341799
TKO DISPOSAL SERVICES,15-790 Kahakai Blvd,Pāhoa,Oahu,96778,,,1,1,"[""9AM-5PM""]","[""9AM-5PM""]","[""9AM-5PM""]","[""9AM-5PM""]","[""9AM-5PM""]","[""10AM-3PM""]","[""Closed""]",19.5282836,-154.9215538
"Big Island Water Solutions- Water Hauling, and other hauling services",,,Hawaii,,1 808-557-0060,,5,113,"[""Open 24 hours""]","[""Open 24 hours""]","[""Open 24 hours""]","[""Open 24 hours""]","[""Open 24 hours""]","[""Open 24 hours""]","[""Open 24 hours""]",19.5895753,-155.4341799
Orchid Isle Hauling & Rental,499 Kulana Kea Dr,Hilo,Hawaii Island,96720,1 808-961-3360,,,,"[""9AM-5PM""]","[""9AM-5PM""]","[""9AM-5PM""]","[""9AM-5PM""]","[""9AM-5PM""]","[""Closed""]","[""Closed""]",19.7462519,-155.1049096
Hitco Moving & Storage,144 Makaala St,Hilo,Hawaii Island,96720,1 808-935-0018,,4.9,14,"[""7:30AM-12PM"",""1-3PM""]","[""7:30AM-12PM"",""1-3PM""]","[""7:30AM-12PM"",""1-3PM""]","[""7:30AM-12PM"",""1-3PM""]","[""7:30AM-12PM"",""1-3PM""]","[""Closed""]","[""Closed""]",19.7016216,-155.0678712
Reliable heavy haul,120 Pauahi St #115,Hilo,Hawaii Island,96720,1 808-731-8617,,5,1,"[""Open 24 hours""]","[""Open 24 hours""]","[""Open 24 hours""]","[""Open 24 hours""]","[""Open 24 hours""]","[""Open 24 hours""]","[""Open 24 hours""]",19.7192243,-155.0803435
Conen's Freight Transport,60 Kuhio St,Hilo,Hawaii Island,96720,1 808-969-9341,,4.3,59,"[""7:30AM-4:30PM""]","[""7:30AM-4:30PM""]","[""7:30AM-4:30PM""]","[""7:30AM-4:30PM""]","[""7:30AM-4:30PM""]","[""Closed""]","[""Closed""]",19.7287937,-155.0526827
Mihara Transfer Incorporated,41 Keaa St,Hilo,Hawaii Island,96720,1 808-935-1597,,4.6,7,"[""7:30AM-4:30PM""]","[""7:30AM-4:30PM""]","[""7:30AM-4:30PM""]","[""7:30AM-4:30PM""]","[""7:30AM-4:30PM""]","[""Closed""]","[""Closed""]",19.7245164,-155.0582435
Kuwaye Trucking Inc,456 Kalanianaole St A,Hilo,Hawaii Island,96720,1 808-935-2845,,5,2,,,,,,,,19.7249804,-155.057538
S & J's Hauling,,Hilo,Hawaii Island,96720,1 808-959-7902,,1,1,,,,,,,,19.7297143,-155.0900154
Ed's Hauling & Rental Inc,304 Punahele St,Hilo,Hawaii Island,96720,1 808-935-7988,,,,,,,,,,,19.71525,-155.105033
U-Haul Moving & Storage at Kailua-Kona,74-5484 Kaiwi St,Kailua-Kona,Hawaii Island,96740,1 808-374-2049,,4.1,112,"[""7AM-7PM""]","[""7AM-7PM""]","[""7AM-7PM""]","[""7AM-7PM""]","[""7AM-8PM""]","[""7AM-7PM""]","[""9AM-5PM""]",19.6479599,-156.0006955
Kona Hauling and Delivery Service,,,Hawaii,,1 808-747-2400,,5,2,"[""7AM-5PM""]","[""7AM-5PM""]","[""7AM-5PM""]","[""7AM-5PM""]","[""7AM-5PM""]","[""7AM-5PM""]","[""Closed""]",19.5934566,-155.4378964
Bj's Excavation & Hauling,73-5563 Olowalu St Suite B 203,Kailua-Kona,Hawaii Island,96740,1 808-331-8120,,4.6,9,"[""8AM-4PM""]","[""8AM-4PM""]","[""8AM-4PM""]","[""8AM-4PM""]","[""9AM-3PM""]","[""Closed""]","[""Closed""]",19.6905134,-156.0210201
Kona Trans,74-5039 Queen Ka'ahumanu Hwy,Kailua-Kona,Hawaii Island,96740,1 808-329-4111,,3.8,46,"[""7AM-3:30PM""]","[""7AM-3:30PM""]","[""7AM-3:30PM""]","[""7AM-3:30PM""]","[""7AM-3:30PM""]","[""Closed""]","[""Closed""]",19.6734368,-156.0149916
Hawaiian Wrecking and Recycling,74-5600 Alapa St,Kailua-Kona,Hawaii Island,96740,,,,,,,,,,,,19.645707,-155.998473
Bz trucking inc,73-4123 Hulikoa Dr,Kailua-Kona,Hawaii Island,96740,1 808-938-9089,,4.6,8,"[""Open 24 hours""]","[""Open 24 hours""]","[""Open 24 hours""]","[""Open 24 hours""]","[""Open 24 hours""]","[""Open 24 hours""]","[""Open 24 hours""]",19.7002584,-156.0220752
West Hawaii Yard Care & Hauling,75-5981 Kuakini Hwy APT 1,Kailua-Kona,Hawaii Island,96740,1 808-895-3281,,5,5,"[""7AM-5PM""]","[""7AM-5PM""]","[""7AM-5PM""]","[""7AM-5PM""]","[""7AM-5PM""]","[""7AM-5PM""]","[""7AM-5PM""]",19.627306,-155.981797
Khg Trucking Llc,75-170 Hualalai Rd,Kailua-Kona,Hawaii Island,96740,,,5,2,,,,,,,,19.6371049,-155.9893251
Mihara Transfer Inc,73-4111 Hulikoa Dr,Kailua-Kona,Hawaii Island,96740,1 808-329-4225,,4.3,3,"[""7:30AM-12PM"",""1-3PM""]","[""7:30AM-12PM"",""1-3PM""]","[""7:30AM-12PM"",""1-3PM""]","[""7:30AM-12PM"",""1-3PM""]","[""7:30AM-12PM"",""1-3PM""]","[""Closed""]","[""Closed""]",19.700131,-156.02262
White Gloves Moving Co.,73-4097 Hulikoa Dr,Kailua-Kona,Hawaii Island,96740,1 808-327-1018,,4.8,15,,,,,,,,19.7003122,-156.0240022
Cantor Bros. Transport Services Inc,74-4702 kamanu St,Kailua-Kona,Hawaii Island,96740,1 808-329-3965,,3.4,5,,,,,,,,19.6737039,-156.0108345
"Aloha Maiden Cleaning Service, LLC.",,,Hawaii,,1 808-313-1745,,5,8,"[""8AM-5PM""]","[""8AM-5PM""]","[""8AM-5PM""]","[""8AM-5PM""]","[""8AM-5PM""]","[""Closed""]","[""Closed""]",19.685067,-155.086042
Hilo Cleaning Comapny,,,Hawaii,,1 808-493-9719,,5,3,"[""9AM-5PM""]","[""9AM-5PM""]","[""9AM-5PM""]","[""9AM-5PM""]","[""9AM-5PM""]","[""Closed""]","[""Closed""]",19.761797,-155.3865935
"Aloha All Natural Cleaning Services, LLC",76 Keaa St # A,Hilo,Hawaii Island,96720,1 808-315-2081,,4.2,13,"[""9AM-4:30PM""]","[""9AM-4:30PM""]","[""9AM-4:30PM""]","[""9AM-4:30PM""]","[""9AM-4:30PM""]","[""Closed""]","[""Closed""]",19.724039,-155.05902
Da Kine Windows LLC,,,Hawaii,,1 808-990-1318,,4.9,293,"[""9AM-5PM""]","[""9AM-5PM""]","[""9AM-5PM""]","[""9AM-5PM""]","[""9AM-5PM""]","[""Closed""]","[""Closed""]",19.8413095,-155.5155475
"LAULIMA Cleaning Company, LLC",,,Hawaii,,1 808-796-2688,,5,13,"[""8AM-11PM""]","[""8AM-11PM""]","[""8AM-11PM""]","[""8AM-11PM""]","[""8AM-11PM""]","[""8AM-11PM""]","[""8AM-11PM""]",19.5895753,-155.4341799
Oili Cleaning Service,,,Hawaii,,1 808-430-9905,,4.2,5,"[""Open 24 hours""]","[""Open 24 hours""]","[""Open 24 hours""]","[""Open 24 hours""]","[""Open 24 hours""]","[""Open 24 hours""]","[""Open 24 hours""]",19.68865,-155.3258586
Property Wash In Paradise,1626 Nohoana Pl,Hilo,Hawaii Island,96720,1 808-825-6280,,5,233,"[""8AM-4PM""]","[""8AM-4PM""]","[""8AM-4PM""]","[""8AM-4PM""]","[""8AM-4PM""]","[""Closed""]","[""Closed""]",19.675625,-155.0859934
Killah Cleanouts,,,Hawaii,,1 808-221-8675,,,,,,,,,,,19.6161014,-155.054869
Nalu Window Cleaning,490 Kukuau St,Hilo,Hawaii Island,96720,1 808-464-2716,,5,18,"[""Open 24 hours""]","[""Open 24 hours""]","[""Open 24 hours""]","[""Open 24 hours""]","[""Open 24 hours""]","[""Open 24 hours""]","[""Open 24 hours""]",19.7122749,-155.0912225
PuroClean of The Big Island,,,Hawaii,,1 808-460-4400,,5,44,"[""Open 24 hours""]","[""Open 24 hours""]","[""Open 24 hours""]","[""Open 24 hours""]","[""Open 24 hours""]","[""Open 24 hours""]","[""Open 24 hours""]",19.79939,-155.500033
Downtown Laundry Express,194 Kilauea Ave #101,Hilo,Hawaii Island,96720,1 808-969-7755,,4.6,532,"[""Open 24 hours""]","[""Open 24 hours""]","[""Open 24 hours""]","[""Open 24 hours""]","[""Open 24 hours""]","[""Open 24 hours""]","[""Open 24 hours""]",19.7215375,-155.0855831
Germ Busters Hawaii,91 Makaala St,Hilo,Hawaii Island,96720,1 808-934-7833,,5,1,"[""9AM-5PM""]","[""9AM-5PM""]","[""9AM-5PM""]","[""9AM-5PM""]","[""9AM-5PM""]","[""Closed""]","[""Closed""]",19.7030267,-155.0675543
WM - West Hawaii Sanitary Landfill,71-1111 Queen Ka'ahumanu Hwy,Waikoloa Village,Oahu,96738,1 866-676-7150,,3.5,21,"[""7AM-4PM""]","[""7AM-4PM""]","[""7AM-4PM""]","[""7AM-4PM""]","[""7AM-4PM""]","[""7AM-4PM""]","[""Closed""]",19.891108,-155.880563
Hawaiian Wrecking and Recycling,74-5600 Alapa St,Kailua-Kona,Hawaii Island,96740,,,,,,,,,,,,19.645707,-155.998473
Keauhou Transfer Station,79-7074 Mamalahoa Hwy,Holualoa,Hawaii Island,96725,,,4.1,33,"[""6AM-6PM""]","[""6AM-6PM""]","[""6AM-6PM""]","[""6AM-6PM""]","[""6AM-6PM""]","[""6AM-6PM""]","[""6AM-6PM""]",19.5508832,-155.9339413
Keei Transfer Station,82-6271 Puuhonua Rd,Captain Cook,Hawaii Island,96704,,,3.9,15,"[""Closed""]","[""8AM-4PM""]","[""Closed""]","[""Closed""]","[""8AM-4PM""]","[""Closed""]","[""8AM-4PM""]",19.4646377,-155.9180348
Waiea Transfer Station,87 S Kona Belt Rd,Captain Cook,Hawaii Island,96704,,,4.2,13,"[""6AM-6PM""]","[""Closed""]","[""Closed""]","[""6AM-6PM""]","[""Closed""]","[""6AM-6PM""]","[""Closed""]",19.35898,-155.87764
Makoa Trucking & Services Inc,70 Kaunakakai Pl,Kaunakakai,Molokai,96748,1 808-553-5319,,5,8,"[""6AM-6PM""]","[""6AM-6PM""]","[""6AM-6PM""]","[""6AM-6PM""]","[""6AM-6PM""]","[""6AM-6PM""]","[""Closed""]",21.086435,-157.0236436
Atlas Building Supplies,10 Mohala St,Kaunakakai,Molokai,96748,1 808-553-5350,,4.7,62,"[""7:30AM-5PM""]","[""7:30AM-5PM""]","[""7:30AM-5PM""]","[""7:30AM-5PM""]","[""7:30AM-5PM""]","[""8AM-3PM""]","[""Closed""]",21.0893636,-157.0204194
Molokai Porta Potties,,,Hawaii,,1 808-658-5078,,1,1,"[""7AM-7PM""]","[""7AM-7PM""]","[""7AM-7PM""]","[""7AM-7PM""]","[""7AM-7PM""]","[""Closed""]","[""Closed""]",21.1185475,-157.0043223
Lena Blue Services,,,Hawaii,,1 808-646-1436,,5,1,"[""Open 24 hours""]","[""Open 24 hours""]","[""Open 24 hours""]","[""Open 24 hours""]","[""Open 24 hours""]","[""Open 24 hours""]","[""Open 24 hours""]",21.1350214,-157.010147
Dudoit Trucking LLC,115B Nenehanaupo Ave,Ho'olehua,Oahu,96729,1 808-276-7882,,,,,,,,,,,21.1701576,-157.0945072
Double H Inc,,Kualapuu,Oahu,96757,1 808-871-1445,,,,,,,,,,,21.1663952,-157.1054646
Lanai City Service Inc,Car Rentals,Lanai City,Lanai,96763,,,4.3,3,,,,,,,,20.7908816,-156.9497469
Pūlama Lāna‘i,1311 Fraser Ave,Lanai City,Lanai,96763,,,3.7,3,,,,,,,,20.8188304,-156.9192657
Hawaiian Earth Recycling,65-1101 Wilikina Dr,Wahiawa,Oahu,96786,1 808-682-5895,,4.7,36,"[""7AM-4:30PM""]","[""7AM-4:30PM""]","[""7AM-4:30PM""]","[""7AM-4:30PM""]","[""7AM-4:30PM""]","[""7AM-4:30PM""]","[""8AM-12PM""]",21.5154724,-158.0658264
Hawaii Demolition Co.,55-568 Naniloa Loop #2b,Laie,Oahu,96762,,,5,1,"[""Open 24 hours""]","[""Open 24 hours""]","[""Open 24 hours""]","[""Open 24 hours""]","[""Open 24 hours""]","[""Open 24 hours""]","[""Open 24 hours""]",21.6461865,-157.9285398
Island Construction & Demolition,85-443 Waianae Valley Rd # B,Waianae,Oahu,96792,1 808-696-8070,,3,2,,,,,,,,21.4471596,-158.1793275
"HAWAII WORKS, INC",160-A Ahui St,Honolulu,Oahu,96813,1 808-847-7140,,4.8,10,"[""7AM-4PM""]","[""7AM-4PM""]","[""7AM-4PM""]","[""7AM-4PM""]","[""7AM-4PM""]","[""Closed""]","[""Closed""]",21.293448,-157.860585
"Mana`o Construction, LLC.",94-150 Leoleo St #212,Waipahu,Oahu,96797,1 808-677-7800,,5,2,"[""6AM-3PM""]","[""6AM-3PM""]","[""6AM-3PM""]","[""6AM-3PM""]","[""6AM-3PM""]","[""Closed""]","[""Closed""]",21.3765637,-158.0206433
Hawaii Asbestos Abatement Services KR SERVICES LLC,85-877 Waianae Valley Rd,Waianae,Oahu,96792,1 808-429-2496,,5,11,"[""Open 24 hours""]","[""Open 24 hours""]","[""Open 24 hours""]","[""Open 24 hours""]","[""Open 24 hours""]","[""Open 24 hours""]","[""Open 24 hours""]",21.4557655,-158.1722199
M B Services Inc,2015 Colburn St # C,Honolulu,Oahu,96819,1 808-842-5688,,4,4,,,,,,,,21.328595,-157.882877
Close Construction Inc,91-229 Kuhela St,Kapolei,Oahu,96707,1 808-678-9493,,3,2,"[""7:30AM-3:30PM""]","[""7:30AM-3:30PM""]","[""7:30AM-3:30PM""]","[""7:30AM-3:30PM""]","[""7:30AM-3:30PM""]","[""Closed""]","[""Closed""]",21.3013647,-158.1000683
LJKR Demolition LLC,,,Hawaii,,1 808-479-6334,,5,4,"[""7AM-3:30PM""]","[""7AM-3:30PM""]","[""7AM-3:30PM""]","[""7AM-3:30PM""]","[""7AM-3:30PM""]","[""8AM-2PM""]","[""Closed""]",24.8582504,-168.0145282
Pacific Demo,,,Hawaii,,1 808-999-3366,,,,"[""5AM-5PM""]","[""5AM-5PM""]","[""5AM-5PM""]","[""5AM-5PM""]","[""5AM-5PM""]","[""Closed""]","[""Closed""]",23.6913614,-166.5937802
Concrete Coring Company of Hawaii,99-1280 Waiua Pl,Aiea,Oahu,96701,1 888-296-5475,,5,8,"[""8AM-5PM""]","[""8AM-5PM""]","[""8AM-5PM""]","[""8AM-5PM""]","[""8AM-5PM""]","[""Closed""]","[""Closed""]",21.3719304,-157.9041677
United Construction Group Hawaii,91-1602 Wahane St,Kapolei,Oahu,96707,1 808-450-6588,,4.9,47,"[""7AM-6PM""]","[""7AM-6PM""]","[""7AM-6PM""]","[""7AM-6PM""]","[""7AM-6PM""]","[""7AM-6PM""]","[""7AM-6PM""]",21.3495104,-158.067288
Father and Son's Construction LLC,325 Thomas St,Wahiawa,Oahu,96786,1 808-375-8619,,5,15,"[""6AM-6PM""]","[""6AM-6PM""]","[""6AM-6PM""]","[""6AM-6PM""]","[""6AM-6PM""]","[""7AM-5PM""]","[""Closed""]",21.5039017,-158.0219031
Atlas Construction Inc.,2222 Kamehameha Hwy,Honolulu,Oahu,96819,1 808-951-9500,,4.6,46,"[""9AM-5PM""]","[""9AM-5PM""]","[""9AM-5PM""]","[""9AM-5PM""]","[""9AM-5PM""]","[""Closed""]","[""Closed""]",21.3312567,-157.8844068
Charles's Dumpster Rental Honolulu,823 Krukowski Rd,Honolulu,Oahu,96819,1 808-646-8041,,5,2,"[""Open 24 hours""]","[""Open 24 hours""]","[""Open 24 hours""]","[""Open 24 hours""]","[""Open 24 hours""]","[""Open 24 hours""]","[""Open 24 hours""]",21.362502,-157.8917931